Line#,Time,OE,LAT,CLK,SELECT,B2,G2,R2,B1,G1,R1
0,-3880,0,0,0,00,0,0,0,0,0,0
1,-3860,0,1,0,00,0,0,0,0,0,0
2,-3840,0,1,1,00,0,0,0,0,0,0
3,-3800,0,1,0,00,0,0,0,0,0,0
4,-3760,0,1,1,00,0,0,0,0,0,0
5,-3710,0,1,0,00,0,0,0,0,0,0
6,-3680,0,1,1,00,0,0,0,0,0,0
7,-3630,0,1,0,00,0,0,0,0,0,0
8,-3620,0,0,0,00,0,0,0,0,0,0
9,-3600,0,0,1,00,0,0,0,0,0,0
10,-3550,0,0,0,00,0,0,0,0,0,0
11,-3520,0,0,1,00,0,0,0,0,0,0
12,-3470,0,0,0,00,0,0,0,0,0,0
13,-3440,0,0,1,00,0,0,0,0,0,0
14,-3390,0,0,0,00,0,0,0,0,0,0
15,-3360,0,0,1,00,0,0,0,0,0,0
16,-3310,0,0,0,00,0,0,0,0,0,0
17,-3280,0,0,1,00,0,0,0,0,0,0
18,-3230,0,0,0,00,0,0,0,0,0,0
19,-3200,0,0,1,00,0,0,0,0,0,0
20,-3150,0,0,0,00,0,0,0,0,0,0
21,-3120,0,0,1,00,0,0,0,0,0,0
22,-3070,0,0,0,00,0,0,0,0,0,0
23,-3040,0,0,1,00,0,0,0,0,0,0
24,-2990,0,0,0,00,0,0,0,0,0,0
25,-2960,0,0,1,00,0,0,0,0,0,0
26,-2910,0,0,0,00,0,0,0,0,0,0
27,-2880,0,0,1,00,0,0,0,0,0,0
28,-2830,0,0,0,00,0,0,0,0,0,0
29,-2800,0,0,1,00,0,0,0,0,0,0
30,-2750,0,0,0,00,0,0,0,0,0,0
31,-2720,0,0,1,00,0,0,0,0,0,0
32,-2670,0,0,0,00,0,0,0,0,0,0
33,-2640,0,0,1,00,0,0,0,0,0,0
34,-2590,0,0,0,00,0,0,0,0,0,0
35,-2580,0,1,0,00,0,0,0,0,0,0
36,-2560,0,1,1,00,0,0,0,0,0,0
37,-2510,0,1,0,00,0,0,0,0,0,0
38,-2480,0,1,1,00,0,0,0,0,0,0
39,-2430,0,1,0,00,0,0,0,0,0,0
40,-2400,0,1,1,00,0,0,0,0,0,0
41,-2350,0,1,0,00,0,0,0,0,0,0
42,-2320,0,1,1,00,0,0,0,0,0,0
43,-2270,0,1,0,00,0,0,0,0,0,0
44,-2240,0,1,1,00,0,0,0,0,0,0
45,-2190,0,1,0,00,0,0,0,0,0,0
46,-2160,0,1,1,00,0,0,0,0,0,0
47,-2110,0,1,0,00,0,0,0,0,0,0
48,-2080,0,1,1,00,0,0,0,0,0,0
49,-2030,0,1,0,00,0,0,0,0,0,0
50,-2000,0,1,1,00,0,0,0,0,0,0
51,-1950,0,1,0,00,0,0,0,0,0,0
52,-1920,0,1,1,00,0,0,0,0,0,0
53,-1870,0,1,0,00,0,0,0,0,0,0
54,-1840,0,1,1,00,0,0,0,0,0,0
55,-1790,0,1,0,00,0,0,0,0,0,0
56,-1760,0,1,1,00,0,0,0,0,0,0
57,-1710,0,1,0,00,0,0,0,0,0,0
58,-1700,1,0,0,00,0,0,0,0,0,0
59,-1680,1,0,1,00,0,0,0,0,0,0
60,-1630,1,0,0,00,0,0,0,0,0,0
61,-1600,1,0,1,00,0,0,0,0,0,0
62,-1550,1,0,0,00,0,0,0,0,0,0
63,-1520,1,0,1,00,0,0,0,0,0,0
64,-1470,1,0,0,00,0,0,0,0,0,0
65,-1440,1,0,1,00,0,0,0,0,0,0
66,-1390,1,0,0,00,0,0,0,0,0,0
67,-1380,1,1,0,00,0,0,0,0,0,0
68,-1360,1,1,1,00,0,0,0,0,0,0
69,-1310,1,1,0,00,0,0,0,0,0,0
70,-1280,1,1,1,00,0,0,0,0,0,0
71,-1230,1,1,0,00,0,0,0,0,0,0
72,-1200,1,1,1,00,0,0,0,0,0,0
73,-1150,1,1,0,00,0,0,0,0,0,0
74,-1120,1,1,1,00,0,0,0,0,0,0
75,-1070,1,1,0,00,0,0,0,0,0,0
76,-1040,1,1,1,00,0,0,0,0,0,0
77,-990,1,1,0,00,0,0,0,0,0,0
78,-960,1,1,1,00,0,0,0,0,0,0
79,-910,1,1,0,00,0,0,0,0,0,0
80,-880,1,1,1,00,0,0,0,0,0,0
81,-830,1,1,0,00,0,0,0,0,0,0
82,-800,1,1,1,00,0,0,0,0,0,0
83,-750,1,1,0,00,0,0,0,0,0,0
84,-730,0,1,0,00,0,0,0,0,0,0
85,-720,0,1,1,00,0,0,0,0,0,0
86,-670,0,1,0,00,0,0,0,0,0,0
87,-640,0,1,1,00,0,0,0,0,0,0
88,-590,0,1,0,00,0,0,0,0,0,0
89,-560,0,1,1,00,0,0,0,0,0,0
90,-510,0,1,0,00,0,0,0,0,0,0
91,-480,0,1,1,00,0,0,0,0,0,0
92,-430,0,1,0,00,0,0,0,0,0,0
93,-400,0,1,1,00,0,0,0,0,0,0
94,-350,0,1,0,00,0,0,0,0,0,0
95,-320,0,1,1,00,0,0,0,0,0,0
96,-270,0,1,0,00,0,0,0,0,0,0
97,-260,0,0,0,00,0,0,0,0,0,0
98,-240,0,0,1,00,0,0,0,0,0,0
99,-190,0,0,0,00,0,0,0,0,0,0
100,-160,0,0,1,00,0,0,0,0,0,0
101,-110,0,0,0,00,0,0,0,0,0,0
102,-80,0,0,1,00,0,0,0,0,0,0
103,-30,0,0,0,00,0,0,0,0,0,0
104,-20,0,0,0,00,1,0,0,1,0,0
105,-10,0,0,0,00,1,1,0,1,1,0
106,0,0,0,1,00,1,1,1,1,1,1
107,50,0,0,0,00,1,1,1,1,1,1
108,70,0,0,0,00,0,1,1,0,1,1
109,80,0,0,1,00,0,0,0,0,0,0
110,130,0,0,0,00,0,0,0,0,0,0
111,160,0,0,1,00,0,0,0,0,0,0
112,210,0,0,0,00,0,0,0,0,0,0
113,240,0,0,1,00,0,0,0,0,0,0
114,290,0,0,0,00,0,0,0,0,0,0
115,320,0,0,1,00,0,0,0,0,0,0
116,370,0,0,0,00,0,0,0,0,0,0
117,400,0,0,1,00,0,0,0,0,0,0
118,450,0,0,0,00,0,0,0,0,0,0
119,480,0,0,1,00,0,0,0,0,0,0
120,530,0,0,0,00,0,0,0,0,0,0
121,560,0,0,1,00,0,0,0,0,0,0
122,610,0,0,0,00,0,0,0,0,0,0
123,640,0,0,1,00,0,0,0,0,0,0
124,690,0,0,0,00,0,0,0,0,0,0
125,720,0,0,1,00,0,0,0,0,0,0
126,770,0,0,0,00,0,0,0,0,0,0
127,800,0,0,1,00,0,0,0,0,0,0
128,850,0,0,0,00,0,0,0,0,0,0
129,880,0,0,1,00,0,0,0,0,0,0
130,930,0,0,0,00,0,0,0,0,0,0
131,960,0,0,1,00,0,0,0,0,0,0
132,1010,0,0,0,00,0,0,0,0,0,0
133,1040,0,0,1,00,0,0,0,0,0,0
134,1090,0,0,0,00,0,0,0,0,0,0
135,1120,0,0,1,00,0,0,0,0,0,0
136,1170,0,0,0,00,0,0,0,0,0,0
137,1180,0,0,0,00,1,0,0,1,0,0
138,1190,0,0,0,00,1,1,0,1,1,0
139,1200,0,0,1,00,1,1,1,1,1,1
140,1250,0,0,0,00,1,1,1,1,1,1
141,1270,0,0,0,00,0,1,1,0,1,1
142,1280,0,0,1,00,0,0,0,0,0,0
143,1330,0,0,0,00,0,0,0,0,0,0
144,1340,0,0,0,00,1,0,0,1,0,0
145,1350,0,0,0,00,1,1,0,1,1,0
146,1360,0,0,1,00,1,1,1,1,1,1
147,1410,0,0,0,00,1,1,1,1,1,1
148,1430,0,0,0,00,0,1,1,0,1,1
149,1440,0,0,1,00,0,0,0,0,0,0
150,1490,0,0,0,00,0,0,0,0,0,0
151,1500,0,0,0,00,1,0,0,1,0,0
152,1510,0,0,0,00,1,1,0,1,1,0
153,1520,0,0,1,00,1,1,1,1,1,1
154,1570,0,0,0,00,1,1,1,1,1,1
155,1590,0,0,0,00,0,1,1,0,1,1
156,1600,0,0,1,00,0,0,0,0,0,0
157,1650,0,0,0,00,0,0,0,0,0,0
158,1660,0,0,0,00,1,0,0,1,0,0
159,1670,0,0,0,00,1,1,0,1,1,0
160,1680,0,0,1,00,1,1,1,1,1,1
161,1730,0,0,0,00,1,1,1,1,1,1
162,1750,0,0,0,00,0,1,1,0,1,1
163,1760,0,0,1,00,0,0,0,0,0,0
164,1810,0,0,0,00,0,0,0,0,0,0
165,1840,0,0,1,00,0,0,0,0,0,0
166,1890,0,0,0,00,0,0,0,0,0,0
167,1920,0,0,1,00,0,0,0,0,0,0
168,1970,0,0,0,00,0,0,0,0,0,0
169,2000,0,0,1,00,0,0,0,0,0,0
170,2050,0,0,0,00,0,0,0,0,0,0
171,2080,0,0,1,00,0,0,0,0,0,0
172,2130,0,0,0,00,0,0,0,0,0,0
173,2160,0,0,1,00,0,0,0,0,0,0
174,2210,0,0,0,00,0,0,0,0,0,0
175,2240,0,0,1,00,0,0,0,0,0,0
176,2290,0,0,0,00,0,0,0,0,0,0
177,2320,0,0,1,00,0,0,0,0,0,0
178,2370,0,0,0,00,0,0,0,0,0,0
179,2400,0,0,1,00,0,0,0,0,0,0
180,2450,0,0,0,00,0,0,0,0,0,0
181,2460,0,0,0,00,1,0,0,1,0,0
182,2470,0,0,0,00,1,1,0,1,1,0
183,2480,0,0,1,00,1,1,1,1,1,1
184,2530,0,0,0,00,1,1,1,1,1,1
185,2550,0,0,0,00,0,1,1,0,1,1
186,2560,0,0,1,00,0,0,0,0,0,0
187,2610,0,0,0,00,0,0,0,0,0,0
188,2620,0,0,0,00,1,0,0,1,0,0
189,2630,0,0,0,00,1,1,0,1,1,0
190,2640,0,0,1,00,1,1,1,1,1,1
191,2690,0,0,0,00,1,1,1,1,1,1
192,2710,0,0,0,00,0,1,1,0,1,1
193,2720,0,0,1,00,0,0,0,0,0,0
194,2770,0,0,0,00,0,0,0,0,0,0
195,2780,0,0,0,00,1,0,0,1,0,0
196,2790,0,0,0,00,1,1,0,1,1,0
197,2800,0,0,1,00,1,1,1,1,1,1
198,2850,0,0,0,00,1,1,1,1,1,1
199,2870,0,0,0,00,0,1,1,0,1,1
200,2880,0,0,1,00,0,0,0,0,0,0
201,2930,0,0,0,00,0,0,0,0,0,0
202,2940,0,0,0,00,1,0,0,1,0,0
203,2950,0,0,0,00,1,1,0,1,1,0
204,2960,0,0,1,00,1,1,1,1,1,1
205,3010,0,0,0,00,1,1,1,1,1,1
206,3030,0,0,0,00,0,1,1,0,1,1
207,3040,0,0,1,00,0,0,0,0,0,0
208,3090,0,0,0,00,0,0,0,0,0,0
209,3120,0,0,1,00,0,0,0,0,0,0
210,3170,0,0,0,00,0,0,0,0,0,0
211,3200,0,0,1,00,0,0,0,0,0,0
212,3250,0,0,0,00,0,0,0,0,0,0
213,3280,0,0,1,00,0,0,0,0,0,0
214,3330,0,0,0,00,0,0,0,0,0,0
215,3360,0,0,1,00,0,0,0,0,0,0
216,3410,0,0,0,00,0,0,0,0,0,0
217,3440,0,0,1,00,0,0,0,0,0,0
218,3490,0,0,0,00,0,0,0,0,0,0
219,3520,0,0,1,00,0,0,0,0,0,0
220,3570,0,0,0,00,0,0,0,0,0,0
221,3600,0,0,1,00,0,0,0,0,0,0
222,3650,0,0,0,00,0,0,0,0,0,0
223,3680,0,0,1,00,0,0,0,0,0,0
224,3730,0,0,0,00,0,0,0,0,0,0
225,3740,0,0,0,00,1,0,0,1,0,0
226,3750,0,0,0,00,1,1,0,1,1,0
227,3760,0,0,1,00,1,1,1,1,1,1
228,3810,0,0,0,00,1,1,1,1,1,1
229,3830,0,0,0,00,0,1,1,0,1,1
230,3840,0,0,1,00,0,0,0,0,0,0
231,3890,0,0,0,00,0,0,0,0,0,0
232,3900,0,0,0,00,1,0,0,1,0,0
233,3910,0,0,0,00,1,1,0,1,1,0
234,3920,0,0,1,00,1,1,1,1,1,1
235,3970,0,0,0,00,1,1,1,1,1,1
236,3990,0,0,0,00,0,1,1,0,1,1
237,4000,0,0,1,00,0,0,0,0,0,0
238,4050,0,0,0,00,0,0,0,0,0,0
239,4060,0,0,0,00,1,0,0,1,0,0
240,4070,0,0,0,00,1,1,0,1,1,0
241,4080,0,0,1,00,1,1,1,1,1,1
242,4130,0,0,0,00,1,1,1,1,1,1
243,4150,0,0,0,00,0,1,1,0,1,1
244,4160,0,0,1,00,0,0,0,0,0,0
245,4210,0,0,0,00,0,0,0,0,0,0
246,4220,0,0,0,00,1,0,0,1,0,0
247,4230,0,0,0,00,1,1,0,1,1,0
248,4240,0,0,1,00,1,1,1,1,1,1
249,4290,0,0,0,00,1,1,1,1,1,1
250,4310,0,0,0,00,0,1,1,0,1,1
251,4320,0,0,1,00,0,0,0,0,0,0
252,4350,0,0,1,01,0,0,0,0,0,0
253,4370,0,0,0,01,0,0,0,0,0,0
254,4400,0,0,1,01,0,0,0,0,0,0
255,4450,0,0,0,01,0,0,0,0,0,0
256,4480,0,0,1,01,0,0,0,0,0,0
257,4530,0,0,0,01,0,0,0,0,0,0
258,4560,0,0,1,01,0,0,0,0,0,0
259,4610,0,0,0,01,0,0,0,0,0,0
260,4640,0,0,1,01,0,0,0,0,0,0
261,4690,0,0,0,01,0,0,0,0,0,0
262,4720,0,0,1,01,0,0,0,0,0,0
263,4770,0,0,0,01,0,0,0,0,0,0
264,4800,0,0,1,01,0,0,0,0,0,0
265,4850,0,0,0,01,0,0,0,0,0,0
266,4860,1,0,0,01,0,0,0,0,0,0
267,4880,1,0,1,01,0,0,0,0,0,0
268,4930,1,0,0,01,0,0,0,0,0,0
269,4960,1,0,1,01,0,0,0,0,0,0
270,5010,1,0,0,01,0,0,0,0,0,0
271,5020,1,0,0,01,1,0,0,1,0,0
272,5030,1,0,0,01,1,1,0,1,1,0
273,5040,1,0,1,01,1,1,1,1,1,1
274,5090,1,0,0,01,1,1,1,1,1,1
275,5110,1,0,0,01,0,1,1,0,1,1
276,5120,1,0,1,01,0,0,0,0,0,0
277,5170,1,0,0,01,0,0,0,0,0,0
278,5180,1,0,0,01,1,0,0,1,0,0
279,5190,0,0,0,01,1,1,0,1,1,0
280,5200,0,0,1,01,1,1,1,1,1,1
281,5250,0,0,0,01,1,1,1,1,1,1
282,5260,0,1,0,01,1,1,1,1,1,1
283,5270,0,1,0,01,0,1,1,0,1,1
284,5280,0,1,1,01,0,0,0,0,0,0
285,5330,0,1,0,01,0,0,0,0,0,0
286,5340,0,1,0,01,1,0,0,1,0,0
287,5350,0,1,0,01,1,1,0,1,1,0
288,5360,0,1,1,01,1,1,1,1,1,1
289,5410,0,1,0,01,1,1,1,1,1,1
290,5430,0,1,0,01,0,1,1,0,1,1
291,5440,0,1,1,01,0,0,0,0,0,0
292,5490,0,1,0,01,0,0,0,0,0,0
293,5500,0,1,0,01,1,0,0,1,0,0
294,5510,0,1,0,01,1,1,0,1,1,0
295,5520,0,1,1,01,1,1,1,1,1,1
296,5570,0,1,0,01,1,1,1,1,1,1
297,5590,0,1,0,01,0,1,1,0,1,1
298,5600,0,1,1,01,0,0,0,0,0,0
299,5650,0,1,0,01,0,0,0,0,0,0
300,5660,0,0,0,01,0,0,0,0,0,0
301,5680,0,0,1,01,0,0,0,0,0,0
302,5730,0,0,0,01,0,0,0,0,0,0
303,5760,0,0,1,01,0,0,0,0,0,0
304,5810,0,0,0,01,0,0,0,0,0,0
305,5840,0,0,1,01,0,0,0,0,0,0
306,5890,0,0,0,01,0,0,0,0,0,0
307,5920,0,0,1,01,0,0,0,0,0,0
308,5970,0,0,0,01,0,0,0,0,0,0
309,6000,0,0,1,01,0,0,0,0,0,0
310,6050,0,0,0,01,0,0,0,0,0,0
311,6080,0,0,1,01,0,0,0,0,0,0
312,6130,0,0,0,01,0,0,0,0,0,0
313,6160,0,0,1,01,0,0,0,0,0,0
314,6210,0,0,0,01,0,0,0,0,0,0
315,6240,0,0,1,01,0,0,0,0,0,0
316,6290,0,0,0,01,0,0,0,0,0,0
317,6320,0,0,1,01,0,0,0,0,0,0
318,6370,0,0,0,01,0,0,0,0,0,0
319,6400,0,0,1,01,0,0,0,0,0,0
320,6450,0,0,0,01,0,0,0,0,0,0
321,6480,0,0,1,01,0,0,0,0,0,0
322,6530,0,0,0,01,0,0,0,0,0,0
323,6560,0,0,1,01,0,0,0,0,0,0
324,6610,0,0,0,01,0,0,0,0,0,0
325,6640,0,0,1,01,0,0,0,0,0,0
326,6690,0,0,0,01,0,0,0,0,0,0
327,6720,0,0,1,01,0,0,0,0,0,0
328,6770,0,0,0,01,0,0,0,0,0,0
329,6800,0,0,1,01,0,0,0,0,0,0
330,6850,0,0,0,01,0,0,0,0,0,0
331,6880,0,0,1,01,0,0,0,0,0,0
332,6930,0,0,0,01,0,0,0,0,0,0
333,6940,0,0,0,01,1,0,0,1,0,0
334,6950,0,0,0,01,1,1,0,1,1,0
335,6960,0,0,1,01,1,1,1,1,1,1
336,7010,0,0,0,01,1,1,1,1,1,1
337,7040,0,0,1,01,1,1,1,1,1,1
338,7090,0,0,0,01,1,1,1,1,1,1
339,7110,0,0,0,01,0,1,1,0,1,1
340,7120,0,0,1,01,0,0,0,0,0,0
341,7170,0,0,0,01,0,0,0,0,0,0
342,7180,0,0,0,01,1,0,0,1,0,0
343,7190,0,0,0,01,1,1,0,1,1,0
344,7200,0,0,1,01,1,1,1,1,1,1
345,7250,0,0,0,01,1,1,1,1,1,1
346,7270,0,0,0,01,0,1,1,0,1,1
347,7280,0,0,1,01,0,0,0,0,0,0
348,7330,0,0,0,01,0,0,0,0,0,0
349,7340,0,0,0,01,1,0,0,1,0,0
350,7350,0,0,0,01,1,1,0,1,1,0
351,7360,0,0,1,01,1,1,1,1,1,1
352,7410,0,0,0,01,1,1,1,1,1,1
353,7430,0,0,0,01,0,1,1,0,1,1
354,7440,0,0,1,01,0,0,0,0,0,0
355,7490,0,0,0,01,0,0,0,0,0,0
356,7500,0,0,0,01,1,0,0,1,0,0
357,7510,0,0,0,01,1,1,0,1,1,0
358,7520,0,0,1,01,1,1,1,1,1,1
359,7570,0,0,0,01,1,1,1,1,1,1
360,7590,0,0,0,01,0,1,1,0,1,1
361,7600,0,0,1,01,0,0,0,0,0,0
362,7650,0,0,0,01,0,0,0,0,0,0
363,7680,0,0,1,01,0,0,0,0,0,0
364,7730,0,0,0,01,0,0,0,0,0,0
365,7760,0,0,1,01,0,0,0,0,0,0
366,7810,0,0,0,01,0,0,0,0,0,0
367,7840,0,0,1,01,0,0,0,0,0,0
368,7890,0,0,0,01,0,0,0,0,0,0
369,7920,0,0,1,01,0,0,0,0,0,0
370,7970,0,0,0,01,0,0,0,0,0,0
371,8000,0,0,1,01,0,0,0,0,0,0
372,8050,0,0,0,01,0,0,0,0,0,0
373,8080,0,0,1,01,0,0,0,0,0,0
374,8130,0,0,0,01,0,0,0,0,0,0
375,8160,0,0,1,01,0,0,0,0,0,0
376,8210,0,0,0,01,0,0,0,0,0,0
377,8220,0,0,0,01,1,0,0,1,0,0
378,8230,0,0,0,01,1,1,0,1,1,0
379,8240,0,0,1,01,1,1,1,1,1,1
380,8290,0,0,0,01,1,1,1,1,1,1
381,8320,0,0,1,01,1,1,1,1,1,1
382,8370,0,0,0,01,1,1,1,1,1,1
383,8390,0,0,0,01,0,1,1,0,1,1
384,8400,0,0,1,01,0,0,0,0,0,0
385,8450,0,0,0,01,0,0,0,0,0,0
386,8460,0,0,0,01,1,0,0,1,0,0
387,8470,0,0,0,01,1,1,0,1,1,0
388,8480,0,0,1,01,1,1,1,1,1,1
389,8530,0,0,0,01,1,1,1,1,1,1
390,8550,0,0,0,01,0,1,1,0,1,1
391,8560,0,0,1,01,0,0,0,0,0,0
392,8610,0,0,0,01,0,0,0,0,0,0
393,8620,0,0,0,01,1,0,0,1,0,0
394,8630,0,0,0,01,1,1,0,1,1,0
395,8640,0,0,1,01,1,1,1,1,1,1
396,8690,0,0,0,01,1,1,1,1,1,1
397,8710,0,0,0,01,0,1,1,0,1,1
398,8720,0,0,1,01,0,0,0,0,0,0
399,8770,0,0,0,01,0,0,0,0,0,0
400,8780,0,0,0,01,1,0,0,1,0,0
401,8790,0,0,0,01,1,1,0,1,1,0
402,8800,0,0,1,01,1,1,1,1,1,1
403,8850,0,0,0,01,1,1,1,1,1,1
404,8870,0,0,0,01,0,1,1,0,1,1
405,8880,0,0,1,01,0,0,0,0,0,0
406,8930,0,0,0,01,0,0,0,0,0,0
407,8960,0,0,1,01,0,0,0,0,0,0
408,9010,0,0,0,01,0,0,0,0,0,0
409,9040,0,0,1,01,0,0,0,0,0,0
410,9090,0,0,0,01,0,0,0,0,0,0
411,9120,0,0,1,01,0,0,0,0,0,0
412,9170,0,0,0,01,0,0,0,0,0,0
413,9200,0,0,1,01,0,0,0,0,0,0
414,9250,0,0,0,01,0,0,0,0,0,0
415,9280,0,0,1,01,0,0,0,0,0,0
416,9330,0,0,0,01,0,0,0,0,0,0
417,9360,0,0,1,01,0,0,0,0,0,0
418,9410,0,0,0,01,0,0,0,0,0,0
419,9440,0,0,1,01,0,0,0,0,0,0
420,9490,0,0,0,01,0,0,0,0,0,0
421,9500,0,0,0,01,1,0,0,1,0,0
422,9510,0,0,0,01,1,1,0,1,1,0
423,9520,0,0,1,01,1,1,1,1,1,1
424,9570,0,0,0,01,1,1,1,1,1,1
425,9600,0,0,1,01,1,1,1,1,1,1
426,9650,0,0,0,01,1,1,1,1,1,1
427,9670,0,0,0,01,0,1,1,0,1,1
428,9680,0,0,1,01,0,0,0,0,0,0
429,9730,0,0,0,01,0,0,0,0,0,0
430,9740,0,0,0,01,1,0,0,1,0,0
431,9750,0,0,0,01,1,1,0,1,1,0
432,9760,0,0,1,01,1,1,1,1,1,1
433,9810,0,0,0,01,1,1,1,1,1,1
434,9830,0,0,0,01,0,1,1,0,1,1
435,9840,0,0,1,01,0,0,0,0,0,0
436,9890,0,0,0,01,0,0,0,0,0,0
437,9900,0,0,0,01,1,0,0,1,0,0
438,9910,0,0,0,01,1,1,0,1,1,0
439,9920,0,0,1,01,1,1,1,1,1,1
440,9970,0,0,0,01,1,1,1,1,1,1
441,9990,0,0,0,01,0,1,1,0,1,1
442,10000,0,0,1,01,0,0,0,0,0,0
443,10050,0,0,0,01,0,0,0,0,0,0
444,10060,0,0,0,01,1,0,0,1,0,0
445,10070,0,0,0,01,1,1,0,1,1,0
446,10080,0,0,1,01,1,1,1,1,1,1
447,10130,0,0,0,01,1,1,1,1,1,1
448,10150,0,0,0,01,0,1,1,0,1,1
449,10160,0,0,1,01,0,0,0,0,0,0
450,10210,0,0,0,01,0,0,0,0,0,0
451,10240,0,0,1,01,0,0,0,0,0,0
452,10290,0,0,0,01,0,0,0,0,0,0
453,10320,0,0,1,01,0,0,0,0,0,0
454,10370,0,0,0,01,0,0,0,0,0,0
455,10400,0,0,1,01,0,0,0,0,0,0
456,10450,0,0,0,01,0,0,0,0,0,0
457,10480,0,0,1,01,0,0,0,0,0,0
458,10530,0,0,0,01,0,0,0,0,0,0
459,10560,0,0,1,01,0,0,0,0,0,0
460,10610,0,0,0,01,0,0,0,0,0,0
461,10640,0,0,1,01,0,0,0,0,0,0
462,10690,0,0,0,01,0,0,0,0,0,0
463,10720,0,0,1,01,0,0,0,0,0,0
464,10770,0,0,0,01,0,0,0,0,0,0
465,10780,0,0,0,01,1,0,0,1,0,0
466,10790,0,0,0,01,1,1,0,1,1,0
467,10800,0,0,1,01,1,1,1,1,1,1
468,10850,0,0,0,01,1,1,1,1,1,1
469,10880,0,0,1,01,1,1,1,1,1,1
470,10900,0,0,1,02,1,1,1,1,1,1
471,10930,0,0,0,02,1,1,1,1,1,1
472,10950,0,0,0,02,0,1,1,0,1,1
473,10960,0,0,1,02,0,0,0,0,0,0
474,11010,0,0,0,02,0,0,0,0,0,0
475,11020,0,0,0,02,1,0,0,1,0,0
476,11030,0,0,0,02,1,1,0,1,1,0
477,11040,0,0,1,02,1,1,1,1,1,1
478,11090,0,0,0,02,1,1,1,1,1,1
479,11100,0,1,0,02,1,1,1,1,1,1
480,11110,0,1,0,02,0,1,1,0,1,1
481,11120,0,1,1,02,0,0,0,0,0,0
482,11170,0,1,0,02,0,0,0,0,0,0
483,11180,0,1,0,02,1,0,0,1,0,0
484,11190,0,1,0,02,1,1,0,1,1,0
485,11200,0,1,1,02,1,1,1,1,1,1
486,11250,0,1,0,02,1,1,1,1,1,1
487,11270,0,1,0,02,0,1,1,0,1,1
488,11280,0,1,1,02,0,0,0,0,0,0
489,11330,0,1,0,02,0,0,0,0,0,0
490,11340,0,1,0,02,1,0,0,1,0,0
491,11350,0,1,0,02,1,1,0,1,1,0
492,11360,0,1,1,02,1,1,1,1,1,1
493,11410,0,1,0,02,1,1,1,1,1,1
494,11420,1,1,0,02,1,1,1,1,1,1
495,11430,1,1,0,02,0,1,1,0,1,1
496,11440,1,1,1,02,0,0,0,0,0,0
497,11490,1,1,0,02,0,0,0,0,0,0
498,11500,1,0,0,02,0,0,0,0,0,0
499,11520,1,0,1,02,0,0,0,0,0,0
500,11570,1,0,0,02,0,0,0,0,0,0
501,11600,1,0,1,02,0,0,0,0,0,0
502,11650,1,0,0,02,0,0,0,0,0,0
503,11680,1,0,1,02,0,0,0,0,0,0
504,11730,1,0,0,02,0,0,0,0,0,0
505,11750,0,0,0,02,0,0,0,0,0,0
506,11760,0,0,1,02,0,0,0,0,0,0
507,11810,0,0,0,02,0,0,0,0,0,0
508,11840,0,0,1,02,0,0,0,0,0,0
509,11890,0,0,0,02,0,0,0,0,0,0
510,11920,0,0,1,02,0,0,0,0,0,0
511,11970,0,0,0,02,0,0,0,0,0,0
512,12000,0,0,1,02,0,0,0,0,0,0
513,12050,0,0,0,02,0,0,0,0,0,0
514,12080,0,0,1,02,0,0,0,0,0,0
515,12130,0,0,0,02,0,0,0,0,0,0
516,12160,0,0,1,02,0,0,0,0,0,0
517,12210,0,0,0,02,0,0,0,0,0,0
518,12240,0,0,1,02,0,0,0,0,0,0
519,12290,0,0,0,02,0,0,0,0,0,0
520,12320,0,0,1,02,0,0,0,0,0,0
521,12370,0,0,0,02,0,0,0,0,0,0
522,12400,0,0,1,02,0,0,0,0,0,0
523,12450,0,0,0,02,0,0,0,0,0,0
524,12480,0,0,1,02,0,0,0,0,0,0
525,12530,0,0,0,02,0,0,0,0,0,0
526,12540,0,0,0,02,1,0,0,1,0,0
527,12550,0,0,0,02,1,1,0,1,1,0
528,12560,0,0,1,02,1,1,1,1,1,1
529,12610,0,0,0,02,1,1,1,1,1,1
530,12640,0,0,1,02,1,1,1,1,1,1
531,12690,0,0,0,02,1,1,1,1,1,1
532,12710,0,0,0,02,0,1,1,0,1,1
533,12720,0,0,1,02,0,0,0,0,0,0
534,12770,0,0,0,02,0,0,0,0,0,0
535,12800,0,0,1,02,0,0,0,0,0,0
536,12850,0,0,0,02,0,0,0,0,0,0
537,12880,0,0,1,02,0,0,0,0,0,0
538,12930,0,0,0,02,0,0,0,0,0,0
539,12960,0,0,1,02,0,0,0,0,0,0
540,13010,0,0,0,02,0,0,0,0,0,0
541,13040,0,0,1,02,0,0,0,0,0,0
542,13090,0,0,0,02,0,0,0,0,0,0
543,13120,0,0,1,02,0,0,0,0,0,0
544,13170,0,0,0,02,0,0,0,0,0,0
545,13180,0,0,0,02,1,0,0,1,0,0
546,13190,0,0,0,02,1,1,0,1,1,0
547,13200,0,0,1,02,1,1,1,1,1,1
548,13250,0,0,0,02,1,1,1,1,1,1
549,13270,0,0,0,02,0,1,1,0,1,1
550,13280,0,0,1,02,0,0,0,0,0,0
551,13330,0,0,0,02,0,0,0,0,0,0
552,13360,0,0,1,02,0,0,1,0,0,1
553,13410,0,0,0,02,0,0,1,0,0,1
554,13440,0,0,1,02,0,0,1,0,0,0
555,13450,0,0,1,02,0,0,0,0,0,0
556,13490,0,0,0,02,0,0,0,0,0,0
557,13520,0,0,1,02,0,0,0,0,0,0
558,13570,0,0,0,02,0,0,0,0,0,0
559,13600,0,0,1,02,0,0,0,0,0,0
560,13650,0,0,0,02,0,0,0,0,0,0
561,13680,0,0,1,02,0,0,0,0,0,0
562,13730,0,0,0,02,0,0,0,0,0,0
563,13760,0,0,1,02,0,0,0,0,0,0
564,13810,0,0,0,02,0,0,0,0,0,0
565,13820,0,0,0,02,1,0,0,1,0,0
566,13830,0,0,0,02,1,1,0,1,1,0
567,13840,0,0,1,02,1,1,1,1,1,1
568,13890,0,0,0,02,1,1,1,1,1,1
569,13920,0,0,1,02,1,1,1,1,1,1
570,13970,0,0,0,02,1,1,1,1,1,1
571,13990,0,0,0,02,0,1,1,0,1,1
572,14000,0,0,1,02,0,0,0,0,0,0
573,14050,0,0,0,02,0,0,0,0,0,0
574,14080,0,0,1,02,0,0,0,0,0,0
575,14130,0,0,0,02,0,0,0,0,0,0
576,14160,0,0,1,02,0,0,0,0,0,0
577,14210,0,0,0,02,0,0,0,0,0,0
578,14240,0,0,1,02,0,0,0,0,0,0
579,14290,0,0,0,02,0,0,0,0,0,0
580,14320,0,0,1,02,0,0,0,0,0,0
581,14370,0,0,0,02,0,0,0,0,0,0
582,14400,0,0,1,02,0,0,0,0,0,0
583,14450,0,0,0,02,0,0,0,0,0,0
584,14460,0,0,0,02,1,0,0,1,0,0
585,14470,0,0,0,02,1,1,0,1,1,0
586,14480,0,0,1,02,1,1,1,1,1,1
587,14530,0,0,0,02,1,1,1,1,1,1
588,14550,0,0,0,02,0,1,1,0,1,1
589,14560,0,0,1,02,0,0,0,0,0,0
590,14610,0,0,0,02,0,0,0,0,0,0
591,14640,0,0,1,02,0,0,1,0,0,1
592,14690,0,0,0,02,0,0,1,0,0,1
593,14720,0,0,1,02,0,0,1,0,0,0
594,14730,0,0,1,02,0,0,0,0,0,0
595,14770,0,0,0,02,0,0,0,0,0,0
596,14800,0,0,1,02,0,0,0,0,0,0
597,14850,0,0,0,02,0,0,0,0,0,0
598,14880,0,0,1,02,0,0,0,0,0,0
599,14930,0,0,0,02,0,0,0,0,0,0
600,14960,0,0,1,02,0,0,0,0,0,0
601,15010,0,0,0,02,0,0,0,0,0,0
602,15040,0,0,1,02,0,0,0,0,0,0
603,15090,0,0,0,02,0,0,0,0,0,0
604,15100,0,0,0,02,1,0,0,1,0,0
605,15110,0,0,0,02,1,1,0,1,1,0
606,15120,0,0,1,02,1,1,1,1,1,1
607,15170,0,0,0,02,1,1,1,1,1,1
608,15200,0,0,1,02,1,1,1,1,1,1
609,15250,0,0,0,02,1,1,1,1,1,1
610,15270,0,0,0,02,0,1,1,0,1,1
611,15280,0,0,1,02,0,0,0,0,0,0
612,15330,0,0,0,02,0,0,0,0,0,0
613,15360,0,0,1,02,0,0,0,0,0,0
614,15410,0,0,0,02,0,0,0,0,0,0
615,15440,0,0,1,02,0,0,0,0,0,0
616,15490,0,0,0,02,0,0,0,0,0,0
617,15520,0,0,1,02,0,0,0,0,0,0
618,15570,0,0,0,02,0,0,0,0,0,0
619,15600,0,0,1,02,0,0,0,0,0,0
620,15650,0,0,0,02,0,0,0,0,0,0
621,15680,0,0,1,02,0,0,0,0,0,0
622,15730,0,0,0,02,0,0,0,0,0,0
623,15740,0,0,0,02,1,0,0,1,0,0
624,15750,0,0,0,02,1,1,0,1,1,0
625,15760,0,0,1,02,1,1,1,1,1,1
626,15810,0,0,0,02,1,1,1,1,1,1
627,15830,0,0,0,02,0,1,1,0,1,1
628,15840,0,0,1,02,0,0,0,0,0,0
629,15890,0,0,0,02,0,0,0,0,0,0
630,15920,0,0,1,02,0,0,1,0,0,1
631,15970,0,0,0,02,0,0,1,0,0,1
632,16000,0,0,1,02,0,0,1,0,0,0
633,16010,0,0,1,02,0,0,0,0,0,0
634,16050,0,0,0,02,0,0,0,0,0,0
635,16080,0,0,1,02,0,0,0,0,0,0
636,16130,0,0,0,02,0,0,0,0,0,0
637,16160,0,0,1,02,0,0,0,0,0,0
638,16210,0,0,0,02,0,0,0,0,0,0
639,16240,0,0,1,02,0,0,0,0,0,0
640,16290,0,0,0,02,0,0,0,0,0,0
641,16320,0,0,1,02,0,0,0,0,0,0
642,16370,0,0,0,02,0,0,0,0,0,0
643,16380,0,0,0,02,1,0,0,1,0,0
644,16390,0,0,0,02,1,1,0,1,1,0
645,16400,0,0,1,02,1,1,1,1,1,1
646,16450,0,0,0,02,1,1,1,1,1,1
647,16480,0,0,1,02,1,1,1,1,1,1
648,16530,0,0,0,02,1,1,1,1,1,1
649,16550,0,0,0,02,0,1,1,0,1,1
650,16560,0,0,1,02,0,0,0,0,0,0
651,16610,0,0,0,02,0,0,0,0,0,0
652,16640,0,0,1,02,0,0,0,0,0,0
653,16690,0,0,0,02,0,0,0,0,0,0
654,16720,0,0,1,02,0,0,0,0,0,0
655,16770,0,0,0,02,0,0,0,0,0,0
656,16800,0,0,1,02,0,0,0,0,0,0
657,16850,0,0,0,02,0,0,0,0,0,0
658,16880,0,0,1,02,0,0,0,0,0,0
659,16930,0,0,0,02,0,0,0,0,0,0
660,16940,0,1,0,02,0,0,0,0,0,0
661,16960,0,1,1,02,0,0,0,0,0,0
662,17010,0,1,0,02,0,0,0,0,0,0
663,17020,0,1,0,02,1,0,0,1,0,0
664,17030,0,1,0,02,1,1,0,1,1,0
665,17040,0,1,1,02,1,1,1,1,1,1
666,17090,0,1,0,02,1,1,1,1,1,1
667,17110,0,1,0,02,0,1,1,0,1,1
668,17120,0,1,1,02,0,0,0,0,0,0
669,17170,0,1,0,02,0,0,0,0,0,0
670,17200,0,1,1,02,0,0,1,0,0,1
671,17250,0,1,0,02,0,0,1,0,0,1
672,17280,0,1,1,02,0,0,1,0,0,0
673,17290,0,1,1,02,0,0,0,0,0,0
674,17330,0,1,0,02,0,0,0,0,0,0
675,17340,0,0,0,02,0,0,0,0,0,0
676,17360,0,0,1,02,0,0,0,0,0,0
677,17410,0,0,0,02,0,0,0,0,0,0
678,17440,0,0,1,03,0,0,0,0,0,0
679,17490,0,0,0,03,0,0,0,0,0,0
680,17520,0,0,1,03,0,0,0,0,0,0
681,17570,0,0,0,03,0,0,0,0,0,0
682,17600,0,0,1,03,0,0,0,0,0,0
683,17650,0,0,0,03,0,0,0,0,0,0
684,17680,0,0,1,03,0,0,0,0,0,0
685,17730,0,0,0,03,0,0,0,0,0,0
686,17760,0,0,1,03,0,0,0,0,0,0
687,17810,0,0,0,03,0,0,0,0,0,0
688,17840,0,0,1,03,0,0,0,0,0,0
689,17890,0,0,0,03,0,0,0,0,0,0
690,17920,0,0,1,03,0,0,0,0,0,0
691,17970,0,0,0,03,0,0,0,0,0,0
692,17980,1,0,0,03,0,0,0,0,0,0
693,18000,1,0,1,03,0,0,0,0,0,0
694,18050,1,0,0,03,0,0,0,0,0,0
695,18080,1,0,1,03,0,0,0,0,0,0
696,18130,1,0,0,03,0,0,0,0,0,0
697,18160,1,0,1,03,0,0,0,0,0,0
698,18210,1,0,0,03,0,0,0,0,0,0
699,18240,1,0,1,03,0,0,0,0,0,0
700,18290,1,0,0,03,0,0,0,0,0,0
701,18310,0,0,0,03,0,0,0,0,0,0
702,18320,0,0,1,03,0,0,0,0,0,0
703,18370,0,0,0,03,0,0,0,0,0,0
704,18400,0,0,1,03,0,0,0,0,0,0
705,18450,0,0,0,03,0,0,0,0,0,0
706,18480,0,0,1,03,0,0,0,0,0,0
707,18530,0,0,0,03,0,0,0,0,0,0
708,18560,0,0,1,03,0,0,0,0,0,0
709,18610,0,0,0,03,0,0,0,0,0,0
710,18640,0,0,1,03,0,0,0,0,0,0
711,18690,0,0,0,03,0,0,0,0,0,0
712,18720,0,0,1,03,0,0,0,0,0,0
713,18770,0,0,0,03,0,0,0,0,0,0
714,18780,0,0,0,03,1,0,0,1,0,0
715,18790,0,0,0,03,1,1,0,1,1,0
716,18800,0,0,1,03,1,1,1,1,1,1
717,18850,0,0,0,03,1,1,1,1,1,1
718,18870,0,0,0,03,0,1,1,0,1,1
719,18880,0,0,1,03,0,0,0,0,0,0
720,18930,0,0,0,03,0,0,0,0,0,0
721,18940,0,0,0,03,1,0,0,1,0,0
722,18950,0,0,0,03,1,1,0,1,1,0
723,18960,0,0,1,03,1,1,1,1,1,1
724,19010,0,0,0,03,1,1,1,1,1,1
725,19030,0,0,0,03,0,1,1,0,1,1
726,19040,0,0,1,03,0,0,0,0,0,0
727,19090,0,0,0,03,0,0,0,0,0,0
728,19100,0,0,0,03,1,0,0,1,0,0
729,19110,0,0,0,03,1,1,0,1,1,0
730,19120,0,0,1,03,1,1,1,1,1,1
731,19170,0,0,0,03,1,1,1,1,1,1
732,19190,0,0,0,03,0,1,1,0,1,1
733,19200,0,0,1,03,0,0,0,0,0,0
734,19250,0,0,0,03,0,0,0,0,0,0
735,19260,0,0,0,03,1,0,0,1,0,0
736,19270,0,0,0,03,1,1,0,1,1,0
737,19280,0,0,1,03,1,1,1,1,1,1
738,19330,0,0,0,03,1,1,1,1,1,1
739,19350,0,0,0,03,0,1,1,0,1,1
740,19360,0,0,1,03,0,0,0,0,0,0
741,19410,0,0,0,03,0,0,0,0,0,0
742,19440,0,0,1,03,0,0,0,0,0,0
743,19490,0,0,0,03,0,0,0,0,0,0
744,19520,0,0,1,03,0,0,0,0,0,0
745,19570,0,0,0,03,0,0,0,0,0,0
746,19600,0,0,1,03,0,0,0,0,0,0
747,19650,0,0,0,03,0,0,0,0,0,0
748,19680,0,0,1,03,0,0,0,0,0,0
749,19730,0,0,0,03,0,0,0,0,0,0
750,19760,0,0,1,03,0,0,0,0,0,0
751,19810,0,0,0,03,0,0,0,0,0,0
752,19840,0,0,1,03,0,0,0,0,0,0
753,19890,0,0,0,03,0,0,0,0,0,0
754,19920,0,0,1,03,0,0,0,0,0,0
755,19970,0,0,0,03,0,0,0,0,0,0
756,20000,0,0,1,03,0,0,0,0,0,0
757,20050,0,0,0,03,0,0,0,0,0,0
758,20060,0,0,0,03,1,0,0,1,0,0
759,20070,0,0,0,03,1,1,0,1,1,0
760,20080,0,0,1,03,1,1,1,1,1,1
761,20130,0,0,0,03,1,1,1,1,1,1
762,20150,0,0,0,03,0,1,1,0,1,1
763,20160,0,0,1,03,0,0,0,0,0,0
764,20210,0,0,0,03,0,0,0,0,0,0
765,20220,0,0,0,03,1,0,0,1,0,0
766,20230,0,0,0,03,1,1,0,1,1,0
767,20240,0,0,1,03,1,1,1,1,1,1
768,20290,0,0,0,03,1,1,1,1,1,1
769,20310,0,0,0,03,0,1,1,0,1,1
770,20320,0,0,1,03,0,0,0,0,0,0
771,20370,0,0,0,03,0,0,0,0,0,0
772,20380,0,0,0,03,1,0,0,1,0,0
773,20390,0,0,0,03,1,1,0,1,1,0
774,20400,0,0,1,03,1,1,1,1,1,1
775,20450,0,0,0,03,1,1,1,1,1,1
776,20470,0,0,0,03,0,1,1,0,1,1
777,20480,0,0,1,03,0,0,0,0,0,0
778,20530,0,0,0,03,0,0,0,0,0,0
779,20540,0,0,0,03,1,0,0,1,0,0
780,20550,0,0,0,03,1,1,0,1,1,0
781,20560,0,0,1,03,1,1,1,1,1,1
782,20610,0,0,0,03,1,1,1,1,1,1
783,20630,0,0,0,03,0,1,1,0,1,1
784,20640,0,0,1,03,0,0,0,0,0,0
785,20690,0,0,0,03,0,0,0,0,0,0
786,20720,0,0,1,03,0,0,0,0,0,0
787,20770,0,0,0,03,0,0,0,0,0,0
788,20800,0,0,1,03,0,0,0,0,0,0
789,20850,0,0,0,03,0,0,0,0,0,0
790,20880,0,0,1,03,0,0,0,0,0,0
791,20930,0,0,0,03,0,0,0,0,0,0
792,20960,0,0,1,03,0,0,0,0,0,0
793,21010,0,0,0,03,0,0,0,0,0,0
794,21040,0,0,1,03,0,0,0,0,0,0
795,21090,0,0,0,03,0,0,0,0,0,0
796,21120,0,0,1,03,0,0,0,0,0,0
797,21170,0,0,0,03,0,0,0,0,0,0
798,21200,0,0,1,03,0,0,0,0,0,0
799,21250,0,0,0,03,0,0,0,0,0,0
800,21280,0,0,1,03,0,0,0,0,0,0
801,21330,0,0,0,03,0,0,0,0,0,0
802,21340,0,0,0,03,1,0,0,1,0,0
803,21350,0,0,0,03,1,1,0,1,1,0
804,21360,0,0,1,03,1,1,1,1,1,1
805,21410,0,0,0,03,1,1,1,1,1,1
806,21430,0,0,0,03,0,1,1,0,1,1
807,21440,0,0,1,03,0,0,0,0,0,0
808,21490,0,0,0,03,0,0,0,0,0,0
809,21500,0,0,0,03,1,0,0,1,0,0
810,21510,0,0,0,03,1,1,0,1,1,0
811,21520,0,0,1,03,1,1,1,1,1,1
812,21570,0,0,0,03,1,1,1,1,1,1
813,21590,0,0,0,03,0,1,1,0,1,1
814,21600,0,0,1,03,0,0,0,0,0,0
815,21650,0,0,0,03,0,0,0,0,0,0
816,21660,0,0,0,03,1,0,0,1,0,0
817,21670,0,0,0,03,1,1,0,1,1,0
818,21680,0,0,1,03,1,1,1,1,1,1
819,21730,0,0,0,03,1,1,1,1,1,1
820,21750,0,0,0,03,0,1,1,0,1,1
821,21760,0,0,1,03,0,0,0,0,0,0
822,21810,0,0,0,03,0,0,0,0,0,0
823,21820,0,0,0,03,1,0,0,1,0,0
824,21830,0,0,0,03,1,1,0,1,1,0
825,21840,0,0,1,03,1,1,1,1,1,1
826,21890,0,0,0,03,1,1,1,1,1,1
827,21910,0,0,0,03,0,1,1,0,1,1
828,21920,0,0,1,03,0,0,0,0,0,0
829,21970,0,0,0,03,0,0,0,0,0,0
830,22000,0,0,1,03,0,0,0,0,0,0
831,22050,0,0,0,03,0,0,0,0,0,0
832,22080,0,0,1,03,0,0,0,0,0,0
833,22130,0,0,0,03,0,0,0,0,0,0
834,22160,0,0,1,03,0,0,0,0,0,0
835,22210,0,0,0,03,0,0,0,0,0,0
836,22240,0,0,1,03,0,0,0,0,0,0
837,22290,0,0,0,03,0,0,0,0,0,0
838,22320,0,0,1,03,0,0,0,0,0,0
839,22370,0,0,0,03,0,0,0,0,0,0
840,22400,0,0,1,03,0,0,0,0,0,0
841,22450,0,0,0,03,0,0,0,0,0,0
842,22480,0,0,1,03,0,0,0,0,0,0
843,22530,0,0,0,03,0,0,0,0,0,0
844,22560,0,0,1,03,0,0,0,0,0,0
845,22610,0,0,0,03,0,0,0,0,0,0
846,22620,0,0,0,03,1,0,0,1,0,0
847,22630,0,0,0,03,1,1,0,1,1,0
848,22640,0,0,1,03,1,1,1,1,1,1
849,22690,0,0,0,03,1,1,1,1,1,1
850,22710,0,0,0,03,0,1,1,0,1,1
851,22720,0,0,1,03,0,0,0,0,0,0
852,22770,0,0,0,03,0,0,0,0,0,0
853,22780,0,1,0,03,1,0,0,1,0,0
854,22790,0,1,0,03,1,1,0,1,1,0
855,22800,0,1,1,03,1,1,1,1,1,1
856,22850,0,1,0,03,1,1,1,1,1,1
857,22870,0,1,0,03,0,1,1,0,1,1
858,22880,0,1,1,03,0,0,0,0,0,0
859,22930,0,1,0,03,0,0,0,0,0,0
860,22940,0,1,0,03,1,0,0,1,0,0
861,22950,0,1,0,03,1,1,0,1,1,0
862,22960,0,1,1,03,1,1,1,1,1,1
863,23010,0,1,0,03,1,1,1,1,1,1
864,23030,0,1,0,03,0,1,1,0,1,1
865,23040,0,1,1,03,0,0,0,0,0,0
866,23090,0,1,0,03,0,0,0,0,0,0
867,23100,0,1,0,03,1,0,0,1,0,0
868,23110,0,1,0,03,1,1,0,1,1,0
869,23120,0,1,1,03,1,1,1,1,1,1
870,23170,0,1,0,03,1,1,1,1,1,1
871,23180,0,0,0,03,1,1,1,1,1,1
872,23190,0,0,0,03,0,1,1,0,1,1
873,23200,0,0,1,03,0,0,0,0,0,0
874,23250,0,0,0,03,0,0,0,0,0,0
875,23280,0,0,1,03,0,0,0,0,0,0
876,23330,0,0,0,03,0,0,0,0,0,0
877,23360,0,0,1,03,0,0,0,0,0,0
878,23410,0,0,0,03,0,0,0,0,0,0
879,23440,0,0,1,03,0,0,0,0,0,0
880,23490,0,0,0,03,0,0,0,0,0,0
881,23520,0,0,1,03,0,0,0,0,0,0
882,23570,0,0,0,03,0,0,0,0,0,0
883,23600,0,0,1,03,0,0,0,0,0,0
884,23650,0,0,0,03,0,0,0,0,0,0
885,23680,0,0,1,03,0,0,0,0,0,0
886,23730,0,0,0,03,0,0,0,0,0,0
887,23760,0,0,1,03,0,0,0,0,0,0
888,23810,0,0,0,03,0,0,0,0,0,0
889,23840,0,0,1,03,0,0,0,0,0,0
890,23890,0,0,0,03,0,0,0,0,0,0
891,23920,0,0,1,03,0,0,0,0,0,0
892,23970,0,0,0,03,0,0,0,0,0,0
893,23980,0,0,0,07,0,0,0,0,0,0
894,23990,0,0,0,04,0,0,0,0,0,0
895,24000,0,0,1,04,0,0,0,0,0,0
896,24050,0,0,0,04,0,0,0,0,0,0
897,24080,0,0,1,04,0,0,0,0,0,0
898,24130,0,0,0,04,0,0,0,0,0,0
899,24160,0,0,1,04,0,0,0,0,0,0
900,24210,0,0,0,04,0,0,0,0,0,0
901,24240,0,0,1,04,0,0,0,0,0,0
902,24290,0,0,0,04,0,0,0,0,0,0
903,24320,0,0,1,04,0,0,0,0,0,0
904,24370,0,0,0,04,0,0,0,0,0,0
905,24400,0,0,1,04,0,0,0,0,0,0
906,24450,0,0,0,04,0,0,0,0,0,0
907,24460,1,0,0,04,1,0,0,1,0,0
908,24470,1,0,0,04,1,1,0,1,1,0
909,24480,1,0,1,04,1,1,1,1,1,1
910,24530,1,0,0,04,1,1,1,1,1,1
911,24550,1,0,0,04,0,1,1,0,1,1
912,24560,1,0,1,04,0,0,0,0,0,0
913,24610,1,0,0,04,0,0,0,0,0,0
914,24620,1,0,0,04,1,0,0,1,0,0
915,24630,1,0,0,04,1,1,0,1,1,0
916,24640,1,0,1,04,1,1,1,1,1,1
917,24690,1,0,0,04,1,1,1,1,1,1
918,24710,1,0,0,04,0,1,1,0,1,1
919,24720,1,0,1,04,0,0,0,0,0,0
920,24770,1,0,0,04,0,0,0,0,0,0
921,24780,1,0,0,04,1,0,0,1,0,0
922,24790,0,0,0,04,1,1,0,1,1,0
923,24800,0,0,1,04,1,1,1,1,1,1
924,24850,0,0,0,04,1,1,1,1,1,1
925,24870,0,0,0,04,0,1,1,0,1,1
926,24880,0,0,1,04,0,0,0,0,0,0
927,24930,0,0,0,04,0,0,0,0,0,0
928,24940,0,0,0,04,1,0,0,1,0,0
929,24950,0,0,0,04,1,1,0,1,1,0
930,24960,0,0,1,04,1,1,1,1,1,1
931,25010,0,0,0,04,1,1,1,1,1,1
932,25030,0,0,0,04,0,1,1,0,1,1
933,25040,0,0,1,04,0,0,0,0,0,0
934,25090,0,0,0,04,0,0,0,0,0,0
935,25100,0,0,0,04,1,0,0,1,0,0
936,25110,0,0,0,04,1,1,0,1,1,0
937,25120,0,0,1,04,1,1,1,1,1,1
938,25170,0,0,0,04,1,1,1,1,1,1
939,25190,0,0,0,04,0,1,1,0,1,1
940,25200,0,0,1,04,0,0,0,0,0,0
941,25250,0,0,0,04,0,0,0,0,0,0
942,25280,0,0,1,04,0,0,0,0,0,0
943,25330,0,0,0,04,0,0,0,0,0,0
944,25360,0,0,1,04,0,0,0,0,0,0
945,25410,0,0,0,04,0,0,0,0,0,0
946,25440,0,0,1,04,0,0,0,0,0,0
947,25490,0,0,0,04,0,0,0,0,0,0
948,25520,0,0,1,04,0,0,0,0,0,0
949,25570,0,0,0,04,0,0,0,0,0,0
950,25600,0,0,1,04,0,0,0,0,0,0
951,25650,0,0,0,04,0,0,0,0,0,0
952,25680,0,0,1,04,0,0,0,0,0,0
953,25730,0,0,0,04,0,0,0,0,0,0
954,25740,0,0,0,04,1,0,0,1,0,0
955,25750,0,0,0,04,1,1,0,1,1,0
956,25760,0,0,1,04,1,1,1,1,1,1
957,25810,0,0,0,04,1,1,1,1,1,1
958,25830,0,0,0,04,0,1,1,0,1,1
959,25840,0,0,1,04,0,0,0,0,0,0
960,25890,0,0,0,04,0,0,0,0,0,0
961,25900,0,0,0,04,1,0,0,1,0,0
962,25910,0,0,0,04,1,1,0,1,1,0
963,25920,0,0,1,04,1,1,1,1,1,1
964,25970,0,0,0,04,1,1,1,1,1,1
965,25990,0,0,0,04,0,1,1,0,1,1
966,26000,0,0,1,04,0,0,0,0,0,0
967,26050,0,0,0,04,0,0,0,0,0,0
968,26060,0,0,0,04,1,0,0,1,0,0
969,26070,0,0,0,04,1,1,0,1,1,0
970,26080,0,0,1,04,1,1,1,1,1,1
971,26130,0,0,0,04,1,1,1,1,1,1
972,26150,0,0,0,04,0,1,1,0,1,1
973,26160,0,0,1,04,0,0,0,0,0,0
974,26210,0,0,0,04,0,0,0,0,0,0
975,26220,0,0,0,04,1,0,0,1,0,0
976,26230,0,0,0,04,1,1,0,1,1,0
977,26240,0,0,1,04,1,1,1,1,1,1
978,26290,0,0,0,04,1,1,1,1,1,1
979,26310,0,0,0,04,0,1,1,0,1,1
980,26320,0,0,1,04,0,0,0,0,0,0
981,26370,0,0,0,04,0,0,0,0,0,0
982,26380,0,0,0,04,1,0,0,1,0,0
983,26390,0,0,0,04,1,1,0,1,1,0
984,26400,0,0,1,04,1,1,1,1,1,1
985,26450,0,0,0,04,1,1,1,1,1,1
986,26470,0,0,0,04,0,1,1,0,1,1
987,26480,0,0,1,04,0,0,0,0,0,0
988,26530,0,0,0,04,0,0,0,0,0,0
989,26560,0,0,1,04,0,0,0,0,0,0
990,26610,0,0,0,04,0,0,0,0,0,0
991,26640,0,0,1,04,0,0,0,0,0,0
992,26690,0,0,0,04,0,0,0,0,0,0
993,26720,0,0,1,04,0,0,0,0,0,0
994,26770,0,0,0,04,0,0,0,0,0,0
995,26800,0,0,1,04,0,0,0,0,0,0
996,26850,0,0,0,04,0,0,0,0,0,0
997,26880,0,0,1,04,0,0,0,0,0,0
998,26930,0,0,0,04,0,0,0,0,0,0
999,26960,0,0,1,04,0,0,0,0,0,0
1000,27010,0,0,0,04,0,0,0,0,0,0
1001,27020,0,0,0,04,1,0,0,1,0,0
1002,27030,0,0,0,04,1,1,0,1,1,0
1003,27040,0,0,1,04,1,1,1,1,1,1
1004,27090,0,0,0,04,1,1,1,1,1,1
1005,27110,0,0,0,04,0,1,1,0,1,1
1006,27120,0,0,1,04,0,0,0,0,0,0
1007,27170,0,0,0,04,0,0,0,0,0,0
1008,27180,0,0,0,04,1,0,0,1,0,0
1009,27190,0,0,0,04,1,1,0,1,1,0
1010,27200,0,0,1,04,1,1,1,1,1,1
1011,27250,0,0,0,04,1,1,1,1,1,1
1012,27270,0,0,0,04,0,1,1,0,1,1
1013,27280,0,0,1,04,0,0,0,0,0,0
1014,27330,0,0,0,04,0,0,0,0,0,0
1015,27340,0,0,0,04,1,0,0,1,0,0
1016,27350,0,0,0,04,1,1,0,1,1,0
1017,27360,0,0,1,04,1,1,1,1,1,1
1018,27410,0,0,0,04,1,1,1,1,1,1
1019,27430,0,0,0,04,0,1,1,0,1,1
1020,27440,0,0,1,04,0,0,0,0,0,0
1021,27490,0,0,0,04,0,0,0,0,0,0
1022,27500,0,0,0,04,1,0,0,1,0,0
1023,27510,0,0,0,04,1,1,0,1,1,0
1024,27520,0,0,1,04,1,1,1,1,1,1
1025,27570,0,0,0,04,1,1,1,1,1,1
1026,27590,0,0,0,04,0,1,1,0,1,1
1027,27600,0,0,1,04,0,0,0,0,0,0
1028,27650,0,0,0,04,0,0,0,0,0,0
1029,27660,0,0,0,04,1,0,0,1,0,0
1030,27670,0,0,0,04,1,1,0,1,1,0
1031,27680,0,0,1,04,1,1,1,1,1,1
1032,27730,0,0,0,04,1,1,1,1,1,1
1033,27750,0,0,0,04,0,1,1,0,1,1
1034,27760,0,0,1,04,0,0,0,0,0,0
1035,27810,0,0,0,04,0,0,0,0,0,0
1036,27840,0,0,1,04,0,0,0,0,0,0
1037,27890,0,0,0,04,0,0,0,0,0,0
1038,27920,0,0,1,04,0,0,0,0,0,0
1039,27970,0,0,0,04,0,0,0,0,0,0
1040,28000,0,0,1,04,0,0,0,0,0,0
1041,28050,0,0,0,04,0,0,0,0,0,0
1042,28080,0,0,1,04,0,0,0,0,0,0
1043,28130,0,0,0,04,0,0,0,0,0,0
1044,28160,0,0,1,04,0,0,0,0,0,0
1045,28210,0,0,0,04,0,0,0,0,0,0
1046,28240,0,0,1,04,0,0,0,0,0,0
1047,28290,0,0,0,04,0,0,0,0,0,0
1048,28300,0,0,0,04,1,0,0,1,0,0
1049,28310,0,0,0,04,1,1,0,1,1,0
1050,28320,0,0,1,04,1,1,1,1,1,1
1051,28370,0,0,0,04,1,1,1,1,1,1
1052,28390,0,0,0,04,0,1,1,0,1,1
1053,28400,0,0,1,04,0,0,0,0,0,0
1054,28450,0,0,0,04,0,0,0,0,0,0
1055,28460,0,0,0,04,1,0,0,1,0,0
1056,28470,0,0,0,04,1,1,0,1,1,0
1057,28480,0,0,1,04,1,1,1,1,1,1
1058,28530,0,0,0,04,1,1,1,1,1,1
1059,28550,0,0,0,04,0,1,1,0,1,1
1060,28560,0,0,1,04,0,0,0,0,0,0
1061,28610,0,0,0,04,0,0,0,0,0,0
1062,28620,0,1,0,04,1,0,0,1,0,0
1063,28630,0,1,0,04,1,1,0,1,1,0
1064,28640,0,1,1,04,1,1,1,1,1,1
1065,28690,0,1,0,04,1,1,1,1,1,1
1066,28710,0,1,0,04,0,1,1,0,1,1
1067,28720,0,1,1,04,0,0,0,0,0,0
1068,28770,0,1,0,04,0,0,0,0,0,0
1069,28780,0,1,0,04,1,0,0,1,0,0
1070,28790,0,1,0,04,1,1,0,1,1,0
1071,28800,0,1,1,04,1,1,1,1,1,1
1072,28850,0,1,0,04,1,1,1,1,1,1
1073,28870,0,1,0,04,0,1,1,0,1,1
1074,28880,0,1,1,04,0,0,0,0,0,0
1075,28930,0,1,0,04,0,0,0,0,0,0
1076,28940,0,1,0,04,1,0,0,1,0,0
1077,28950,0,1,0,04,1,1,0,1,1,0
1078,28960,0,1,1,04,1,1,1,1,1,1
1079,29010,0,1,0,04,1,1,1,1,1,1
1080,29020,0,0,0,04,1,1,1,1,1,1
1081,29030,0,0,0,04,0,1,1,0,1,1
1082,29040,0,0,1,04,0,0,0,0,0,0
1083,29090,0,0,0,04,0,0,0,0,0,0
1084,29120,0,0,1,04,0,0,0,0,0,0
1085,29170,0,0,0,04,0,0,0,0,0,0
1086,29200,0,0,1,04,0,0,0,0,0,0
1087,29250,0,0,0,04,0,0,0,0,0,0
1088,29280,0,0,1,04,0,0,0,0,0,0
1089,29330,0,0,0,04,0,0,0,0,0,0
1090,29360,0,0,1,04,0,0,0,0,0,0
1091,29410,0,0,0,04,0,0,0,0,0,0
1092,29440,0,0,1,04,0,0,0,0,0,0
1093,29490,0,0,0,04,0,0,0,0,0,0
1094,29520,0,0,1,04,0,0,0,0,0,0
1095,29570,0,0,0,04,0,0,0,0,0,0
1096,29600,0,0,1,04,0,0,0,0,0,0
1097,29650,0,0,0,04,0,0,0,0,0,0
1098,29680,0,0,1,04,0,0,0,0,0,0
1099,29730,0,0,0,04,0,0,0,0,0,0
1100,29760,0,0,1,04,0,0,0,0,0,0
1101,29810,0,0,0,04,0,0,0,0,0,0
1102,29840,0,0,1,04,0,0,0,0,0,0
1103,29890,0,0,0,04,0,0,0,0,0,0
1104,29920,0,0,1,04,0,0,0,0,0,0
1105,29970,0,0,0,04,0,0,0,0,0,0
1106,30000,0,0,1,04,0,0,0,0,0,0
1107,30050,0,0,0,04,0,0,0,0,0,0
1108,30080,0,0,1,04,0,0,0,0,0,0
1109,30130,0,0,0,04,0,0,0,0,0,0
1110,30160,0,0,1,04,0,0,0,0,0,0
1111,30210,0,0,0,04,0,0,0,0,0,0
1112,30240,0,0,1,04,0,0,0,0,0,0
1113,30290,0,0,0,04,0,0,0,0,0,0
1114,30320,0,0,1,04,0,0,0,0,0,0
1115,30370,0,0,0,04,0,0,0,0,0,0
1116,30400,0,0,1,04,0,0,0,0,0,0
1117,30450,0,0,0,04,0,0,0,0,0,0
1118,30480,0,0,1,04,0,0,0,0,0,0
1119,30530,0,0,0,05,0,0,0,0,0,0
1120,30560,0,0,1,05,0,0,0,0,0,0
1121,30610,0,0,0,05,0,0,0,0,0,0
1122,30640,0,0,1,05,0,0,0,0,0,0
1123,30690,0,0,0,05,0,0,0,0,0,0
1124,30720,0,0,1,05,0,0,0,0,0,0
1125,30770,0,0,0,05,0,0,0,0,0,0
1126,30800,0,0,1,05,0,0,0,0,0,0
1127,30850,0,0,0,05,0,0,0,0,0,0
1128,30880,0,0,1,05,0,0,0,0,0,0
1129,30930,0,0,0,05,0,0,0,0,0,0
1130,30960,0,0,1,05,0,0,0,0,0,0
1131,31010,0,0,0,05,0,0,0,0,0,0
1132,31020,1,0,0,05,0,0,0,0,0,0
1133,31040,1,0,1,05,0,0,0,0,0,0
1134,31090,1,0,0,05,0,0,0,0,0,0
1135,31120,1,0,1,05,0,0,0,0,0,0
1136,31170,1,0,0,05,0,0,0,0,0,0
1137,31200,1,0,1,05,0,0,0,0,0,0
1138,31250,1,0,0,05,0,0,0,0,0,0
1139,31280,1,0,1,05,0,0,0,0,0,0
1140,31330,1,0,0,05,0,0,0,0,0,0
1141,31350,0,0,0,05,0,0,0,0,0,0
1142,31360,0,0,1,05,0,0,0,0,0,0
1143,31410,0,0,0,05,0,0,0,0,0,0
1144,31440,0,0,1,05,0,0,0,0,0,0
1145,31490,0,0,0,05,0,0,0,0,0,0
1146,31520,0,0,1,05,0,0,0,0,0,0
1147,31570,0,0,0,05,0,0,0,0,0,0
1148,31600,0,0,1,05,0,0,0,0,0,0
1149,31650,0,0,0,05,0,0,0,0,0,0
1150,31680,0,0,1,05,0,0,0,0,0,0
1151,31730,0,0,0,05,0,0,0,0,0,0
1152,31760,0,0,1,05,0,0,0,0,0,0
1153,31810,0,0,0,05,0,0,0,0,0,0
1154,31840,0,0,1,05,0,0,0,0,0,0
1155,31890,0,0,0,05,0,0,0,0,0,0
1156,31920,0,0,1,05,0,0,0,0,0,0
1157,31970,0,0,0,05,0,0,0,0,0,0
1158,32000,0,0,1,05,0,0,0,0,0,0
1159,32050,0,0,0,05,0,0,0,0,0,0
1160,32080,0,0,1,05,0,0,0,0,0,0
1161,32130,0,0,0,05,0,0,0,0,0,0
1162,32160,0,0,1,05,0,0,0,0,0,0
1163,32210,0,0,0,05,0,0,0,0,0,0
1164,32240,0,0,1,05,0,0,0,0,0,0
1165,32290,0,0,0,05,0,0,0,0,0,0
1166,32320,0,0,1,05,0,0,0,0,0,0
1167,32370,0,0,0,05,0,0,0,0,0,0
1168,32400,0,0,1,05,0,0,0,0,0,0
1169,32450,0,0,0,05,0,0,0,0,0,0
1170,32480,0,0,1,05,0,0,0,0,0,0
1171,32530,0,0,0,05,0,0,0,0,0,0
1172,32560,0,0,1,05,0,0,0,0,0,0
1173,32610,0,0,0,05,0,0,0,0,0,0
1174,32640,0,0,1,05,0,0,0,0,0,0
1175,32690,0,0,0,05,0,0,0,0,0,0
1176,32720,0,0,1,05,0,0,0,0,0,0
1177,32770,0,0,0,05,0,0,0,0,0,0
1178,32800,0,0,1,05,0,0,0,0,0,0
1179,32850,0,0,0,05,0,0,0,0,0,0
1180,32880,0,0,1,05,0,0,0,0,0,0
1181,32930,0,0,0,05,0,0,0,0,0,0
1182,32960,0,0,1,05,0,0,0,0,0,0
1183,33010,0,0,0,05,0,0,0,0,0,0
1184,33040,0,0,1,05,0,0,0,0,0,0
1185,33090,0,0,0,05,0,0,0,0,0,0
1186,33120,0,0,1,05,0,0,0,0,0,0
1187,33170,0,0,0,05,0,0,0,0,0,0
1188,33200,0,0,1,05,0,0,0,0,0,0
1189,33250,0,0,0,05,0,0,0,0,0,0
1190,33280,0,0,1,05,0,0,0,0,0,0
1191,33330,0,0,0,05,0,0,0,0,0,0
1192,33360,0,0,1,05,0,0,0,0,0,0
1193,33410,0,0,0,05,0,0,0,0,0,0
1194,33440,0,0,1,05,0,0,0,0,0,0
1195,33490,0,0,0,05,0,0,0,0,0,0
1196,33520,0,0,1,05,0,0,0,0,0,0
1197,33570,0,0,0,05,0,0,0,0,0,0
1198,33600,0,0,1,05,0,0,0,0,0,0
1199,33650,0,0,0,05,0,0,0,0,0,0
1200,33680,0,0,1,05,0,0,0,0,0,0
1201,33730,0,0,0,05,0,0,0,0,0,0
1202,33760,0,0,1,05,0,0,0,0,0,0
1203,33810,0,0,0,05,0,0,0,0,0,0
1204,33840,0,0,1,05,0,0,0,0,0,0
1205,33890,0,0,0,05,0,0,0,0,0,0
1206,33920,0,0,1,05,0,0,0,0,0,0
1207,33970,0,0,0,05,0,0,0,0,0,0
1208,34000,0,0,1,05,0,0,0,0,0,0
1209,34050,0,0,0,05,0,0,0,0,0,0
1210,34080,0,0,1,05,0,0,0,0,0,0
1211,34130,0,0,0,05,0,0,0,0,0,0
1212,34160,0,0,1,05,0,0,0,0,0,0
1213,34210,0,0,0,05,0,0,0,0,0,0
1214,34240,0,0,1,05,0,0,0,0,0,0
1215,34290,0,0,0,05,0,0,0,0,0,0
1216,34320,0,0,1,05,0,0,0,0,0,0
1217,34370,0,0,0,05,0,0,0,0,0,0
1218,34400,0,0,1,05,0,0,0,0,0,0
1219,34450,0,0,0,05,0,0,0,0,0,0
1220,34480,0,0,1,05,0,0,0,0,0,0
1221,34530,0,0,0,05,0,0,0,0,0,0
1222,34560,0,0,1,05,0,0,0,0,0,0
1223,34610,0,0,0,05,0,0,0,0,0,0
1224,34640,0,0,1,05,0,0,0,0,0,0
1225,34690,0,0,0,05,0,0,0,0,0,0
1226,34720,0,0,1,05,0,0,0,0,0,0
1227,34770,0,0,0,05,0,0,0,0,0,0
1228,34780,0,1,0,05,0,0,0,0,0,0
1229,34800,0,1,1,05,0,0,0,0,0,0
1230,34850,0,1,0,05,0,0,0,0,0,0
1231,34860,0,0,0,05,0,0,0,0,0,0
1232,34880,0,0,1,05,0,0,0,0,0,0
1233,34930,0,0,0,05,0,0,0,0,0,0
1234,34960,0,0,1,05,0,0,0,0,0,0
1235,35010,0,0,0,05,0,0,0,0,0,0
1236,35040,0,0,1,05,0,0,0,0,0,0
1237,35090,0,0,0,05,0,0,0,0,0,0
1238,35120,0,0,1,05,0,0,0,0,0,0
1239,35170,0,0,0,05,0,0,0,0,0,0
1240,35200,0,0,1,05,0,0,0,0,0,0
1241,35250,0,0,0,05,0,0,0,0,0,0
1242,35280,0,0,1,05,0,0,0,0,0,0
1243,35330,0,0,0,05,0,0,0,0,0,0
1244,35360,0,0,1,05,0,0,0,0,0,0
1245,35410,0,0,0,05,0,0,0,0,0,0
1246,35440,0,0,1,05,0,0,0,0,0,0
1247,35490,0,0,0,05,0,0,0,0,0,0
1248,35520,0,0,1,05,0,0,0,0,0,0
1249,35570,0,0,0,05,0,0,0,0,0,0
1250,35600,0,0,1,05,0,0,0,0,0,0
1251,35650,0,0,0,05,0,0,0,0,0,0
1252,35680,0,0,1,05,0,0,0,0,0,0
1253,35730,0,0,0,05,0,0,0,0,0,0
1254,35760,0,0,1,05,0,0,0,0,0,0
1255,35810,0,0,0,05,0,0,0,0,0,0
1256,35840,0,0,1,05,0,0,0,0,0,0
1257,35890,0,0,0,05,0,0,0,0,0,0
1258,35920,0,0,1,05,0,0,0,0,0,0
1259,35970,0,0,0,05,0,0,0,0,0,0
1260,36000,0,0,1,05,0,0,0,0,0,0
1261,36050,0,0,0,05,0,0,0,0,0,0
1262,36080,0,0,1,05,0,0,0,0,0,0
1263,36130,0,0,0,05,0,0,0,0,0,0
1264,36160,0,0,1,05,0,0,0,0,0,0
1265,36210,0,0,0,05,0,0,0,0,0,0
1266,36240,0,0,1,05,0,0,0,0,0,0
1267,36290,0,0,0,05,0,0,0,0,0,0
1268,36320,0,0,1,05,0,0,0,0,0,0
1269,36370,0,0,0,05,0,0,0,0,0,0
1270,36400,0,0,1,05,0,0,0,0,0,0
1271,36450,0,0,0,05,0,0,0,0,0,0
1272,36480,0,0,1,05,0,0,0,0,0,0
1273,36530,0,0,0,05,0,0,0,0,0,0
1274,36560,0,0,1,05,0,0,0,0,0,0
1275,36610,0,0,0,05,0,0,0,0,0,0
1276,36640,0,0,1,05,0,0,0,0,0,0
1277,36690,0,0,0,05,0,0,0,0,0,0
1278,36720,0,0,1,05,0,0,0,0,0,0
1279,36770,0,0,0,05,0,0,0,0,0,0
1280,36800,0,0,1,05,0,0,0,0,0,0
1281,36850,0,0,0,05,0,0,0,0,0,0
1282,36880,0,0,1,05,0,0,0,0,0,0
1283,36930,0,0,0,05,0,0,0,0,0,0
1284,36960,0,0,1,05,0,0,0,0,0,0
1285,37010,0,0,0,05,0,0,0,0,0,0
1286,37040,0,0,1,05,0,0,0,0,0,0
1287,37070,0,0,1,07,0,0,0,0,0,0
1288,37080,0,0,1,06,0,0,0,0,0,0
1289,37090,0,0,0,06,0,0,0,0,0,0
1290,37120,0,0,1,06,0,0,0,0,0,0
1291,37170,0,0,0,06,0,0,0,0,0,0
1292,37200,0,0,1,06,0,0,0,0,0,0
1293,37250,0,0,0,06,0,0,0,0,0,0
1294,37280,0,0,1,06,0,0,0,0,0,0
1295,37330,0,0,0,06,0,0,0,0,0,0
1296,37360,0,0,1,06,0,0,0,0,0,0
1297,37410,0,0,0,06,0,0,0,0,0,0
1298,37440,0,0,1,06,0,0,0,0,0,0
1299,37490,0,0,0,06,0,0,0,0,0,0
1300,37520,0,0,1,06,0,0,0,0,0,0
1301,37570,0,0,0,06,0,0,0,0,0,0
1302,37580,1,0,0,06,0,0,0,0,0,0
1303,37600,1,0,1,06,0,0,0,0,0,0
1304,37650,1,0,0,06,0,0,0,0,0,0
1305,37680,1,0,1,06,0,0,0,0,0,0
1306,37730,1,0,0,06,0,0,0,0,0,0
1307,37760,1,0,1,06,0,0,0,0,0,0
1308,37810,1,0,0,06,0,0,0,0,0,0
1309,37840,1,0,1,06,0,0,0,0,0,0
1310,37890,1,0,0,06,0,0,0,0,0,0
1311,37910,0,0,0,06,0,0,0,0,0,0
1312,37920,0,0,1,06,0,0,0,0,0,0
1313,37970,0,0,0,06,0,0,0,0,0,0
1314,38000,0,0,1,06,0,0,0,0,0,0
1315,38050,0,0,0,06,0,0,0,0,0,0
1316,38080,0,0,1,06,0,0,0,0,0,0
1317,38130,0,0,0,06,0,0,0,0,0,0
1318,38160,0,0,1,06,0,0,0,0,0,0
1319,38210,0,0,0,06,0,0,0,0,0,0
1320,38240,0,0,1,06,0,0,0,0,0,0
1321,38290,0,0,0,06,0,0,0,0,0,0
1322,38320,0,0,1,06,0,0,0,0,0,0
1323,38370,0,0,0,06,0,0,0,0,0,0
1324,38400,0,0,1,06,0,0,0,0,0,0
1325,38450,0,0,0,06,0,0,0,0,0,0
1326,38480,0,0,1,06,0,0,0,0,0,0
1327,38530,0,0,0,06,0,0,0,0,0,0
1328,38560,0,0,1,06,0,0,0,0,0,0
1329,38610,0,0,0,06,0,0,0,0,0,0
1330,38640,0,0,1,06,0,0,0,0,0,0
1331,38690,0,0,0,06,0,0,0,0,0,0
1332,38720,0,0,1,06,0,0,0,0,0,0
1333,38770,0,0,0,06,0,0,0,0,0,0
1334,38800,0,0,1,06,0,0,0,0,0,0
1335,38850,0,0,0,06,0,0,0,0,0,0
1336,38880,0,0,1,06,0,0,0,0,0,0
1337,38930,0,0,0,06,0,0,0,0,0,0
1338,38960,0,0,1,06,0,0,0,0,0,0
1339,39010,0,0,0,06,0,0,0,0,0,0
1340,39040,0,0,1,06,0,0,0,0,0,0
1341,39090,0,0,0,06,0,0,0,0,0,0
1342,39120,0,0,1,06,0,0,0,0,0,0
1343,39170,0,0,0,06,0,0,0,0,0,0
1344,39200,0,0,1,06,0,0,0,0,0,0
1345,39250,0,0,0,06,0,0,0,0,0,0
1346,39280,0,0,1,06,0,0,0,0,0,0
1347,39330,0,0,0,06,0,0,0,0,0,0
1348,39360,0,0,1,06,0,0,0,0,0,0
1349,39410,0,0,0,06,0,0,0,0,0,0
1350,39440,0,0,1,06,0,0,0,0,0,0
1351,39490,0,0,0,06,0,0,0,0,0,0
1352,39520,0,0,1,06,0,0,0,0,0,0
1353,39570,0,0,0,06,0,0,0,0,0,0
1354,39600,0,0,1,06,0,0,0,0,0,0
1355,39650,0,0,0,06,0,0,0,0,0,0
1356,39680,0,0,1,06,0,0,0,0,0,0
1357,39730,0,0,0,06,0,0,0,0,0,0
1358,39760,0,0,1,06,0,0,0,0,0,0
1359,39810,0,0,0,06,0,0,0,0,0,0
1360,39840,0,0,1,06,0,0,0,0,0,0
1361,39890,0,0,0,06,0,0,0,0,0,0
1362,39920,0,0,1,06,0,0,0,0,0,0
1363,39970,0,0,0,06,0,0,0,0,0,0
1364,40000,0,0,1,06,0,0,0,0,0,0
1365,40050,0,0,0,06,0,0,0,0,0,0
1366,40080,0,0,1,06,0,0,0,0,0,0
1367,40130,0,0,0,06,0,0,0,0,0,0
1368,40160,0,0,1,06,0,0,0,0,0,0
1369,40210,0,0,0,06,0,0,0,0,0,0
1370,40240,0,0,1,06,0,0,0,0,0,0
1371,40290,0,0,0,06,0,0,0,0,0,0
1372,40320,0,0,1,06,0,0,0,0,0,0
1373,40370,0,0,0,06,0,0,0,0,0,0
1374,40400,0,0,1,06,0,0,0,0,0,0
1375,40450,0,0,0,06,0,0,0,0,0,0
1376,40480,0,0,1,06,0,0,0,0,0,0
1377,40530,0,0,0,06,0,0,0,0,0,0
1378,40560,0,0,1,06,0,0,0,0,0,0
1379,40610,0,0,0,06,0,0,0,0,0,0
1380,40620,0,1,0,06,0,0,0,0,0,0
1381,40640,0,1,1,06,0,0,0,0,0,0
1382,40690,0,1,0,06,0,0,0,0,0,0
1383,40700,0,0,0,06,0,0,0,0,0,0
1384,40720,0,0,1,06,0,0,0,0,0,0
1385,40770,0,0,0,06,0,0,0,0,0,0
1386,40800,0,0,1,06,0,0,0,0,0,0
1387,40850,0,0,0,06,0,0,0,0,0,0
1388,40880,0,0,1,06,0,0,0,0,0,0
1389,40930,0,0,0,06,0,0,0,0,0,0
1390,40960,0,0,1,06,0,0,0,0,0,0
1391,41010,0,0,0,06,0,0,0,0,0,0
1392,41040,0,0,1,06,0,0,0,0,0,0
1393,41090,0,0,0,06,0,0,0,0,0,0
1394,41120,0,0,1,06,0,0,0,0,0,0
1395,41170,0,0,0,06,0,0,0,0,0,0
1396,41200,0,0,1,06,0,0,0,0,0,0
1397,41250,0,0,0,06,0,0,0,0,0,0
1398,41280,0,0,1,06,0,0,0,0,0,0
1399,41330,0,0,0,06,0,0,0,0,0,0
1400,41360,0,0,1,06,0,0,0,0,0,0
1401,41410,0,0,0,06,0,0,0,0,0,0
1402,41440,0,0,1,06,0,0,0,0,0,0
1403,41490,0,0,0,06,0,0,0,0,0,0
1404,41520,0,0,1,06,0,0,0,0,0,0
1405,41570,0,0,0,06,0,0,0,0,0,0
1406,41600,0,0,1,06,0,0,0,0,0,0
1407,41650,0,0,0,06,0,0,0,0,0,0
1408,41680,0,0,1,06,0,0,0,0,0,0
1409,41730,0,0,0,06,0,0,0,0,0,0
1410,41760,0,0,1,06,0,0,0,0,0,0
1411,41810,0,0,0,06,0,0,0,0,0,0
1412,41840,0,0,1,06,0,0,0,0,0,0
1413,41890,0,0,0,06,0,0,0,0,0,0
1414,41920,0,0,1,06,0,0,0,0,0,0
1415,41970,0,0,0,06,0,0,0,0,0,0
1416,42000,0,0,1,06,0,0,0,0,0,0
1417,42050,0,0,0,06,0,0,0,0,0,0
1418,42080,0,0,1,06,0,0,0,0,0,0
1419,42130,0,0,0,06,0,0,0,0,0,0
1420,42160,0,0,1,06,0,0,0,0,0,0
1421,42210,0,0,0,06,0,0,0,0,0,0
1422,42240,0,0,1,06,0,0,0,0,0,0
1423,42290,0,0,0,06,0,0,0,0,0,0
1424,42320,0,0,1,06,0,0,0,0,0,0
1425,42370,0,0,0,06,0,0,0,0,0,0
1426,42400,0,0,1,06,0,0,0,0,0,0
1427,42450,0,0,0,06,0,0,0,0,0,0
1428,42480,0,0,1,06,0,0,0,0,0,0
1429,42530,0,0,0,06,0,0,0,0,0,0
1430,42560,0,0,1,06,0,0,0,0,0,0
1431,42610,0,0,0,06,0,0,0,0,0,0
1432,42640,0,0,1,06,0,0,0,0,0,0
1433,42690,0,0,0,06,0,0,0,0,0,0
1434,42720,0,0,1,06,0,0,0,0,0,0
1435,42770,0,0,0,06,0,0,0,0,0,0
1436,42800,0,0,1,06,0,0,0,0,0,0
1437,42850,0,0,0,06,0,0,0,0,0,0
1438,42880,0,0,1,06,0,0,0,0,0,0
1439,42930,0,0,0,06,0,0,0,0,0,0
1440,42960,0,0,1,06,0,0,0,0,0,0
1441,43010,0,0,0,06,0,0,0,0,0,0
1442,43040,0,0,1,06,0,0,0,0,0,0
1443,43090,0,0,0,06,0,0,0,0,0,0
1444,43120,0,0,1,06,0,0,0,0,0,0
1445,43170,0,0,0,06,0,0,0,0,0,0
1446,43200,0,0,1,06,0,0,0,0,0,0
1447,43250,0,0,0,06,0,0,0,0,0,0
1448,43280,0,0,1,06,0,0,0,0,0,0
1449,43330,0,0,0,06,0,0,0,0,0,0
1450,43360,0,0,1,06,0,0,0,0,0,0
1451,43410,0,0,0,06,0,0,0,0,0,0
1452,43440,0,0,1,06,0,0,0,0,0,0
1453,43490,0,0,0,06,0,0,0,0,0,0
1454,43520,0,0,1,06,0,0,0,0,0,0
1455,43570,0,0,0,06,0,0,0,0,0,0
1456,43600,0,0,1,06,0,0,0,0,0,0
1457,43620,0,0,1,07,0,0,0,0,0,0
1458,43650,0,0,0,07,0,0,0,0,0,0
1459,43680,0,0,1,07,0,0,0,0,0,0
1460,43730,0,0,0,07,0,0,0,0,0,0
1461,43760,0,0,1,07,0,0,0,0,0,0
1462,43810,0,0,0,07,0,0,0,0,0,0
1463,43840,0,0,1,07,0,0,0,0,0,0
1464,43890,0,0,0,07,0,0,0,0,0,0
1465,43920,0,0,1,07,0,0,0,0,0,0
1466,43970,0,0,0,07,0,0,0,0,0,0
1467,44000,0,0,1,07,0,0,0,0,0,0
1468,44050,0,0,0,07,0,0,0,0,0,0
1469,44080,0,0,1,07,0,0,0,0,0,0
1470,44130,0,0,0,07,0,0,0,0,0,0
1471,44140,1,0,0,07,0,0,0,0,0,0
1472,44160,1,0,1,07,0,0,0,0,0,0
1473,44210,1,0,0,07,0,0,0,0,0,0
1474,44240,1,0,1,07,0,0,0,0,0,0
1475,44290,1,0,0,07,0,0,0,0,0,0
1476,44320,1,0,1,07,0,0,0,0,0,0
1477,44370,1,0,0,07,0,0,0,0,0,0
1478,44400,1,0,1,07,0,0,0,0,0,0
1479,44450,1,0,0,07,0,0,0,0,0,0
1480,44470,0,0,0,07,0,0,0,0,0,0
1481,44480,0,0,1,07,0,0,0,0,0,0
1482,44530,0,0,0,07,0,0,0,0,0,0
1483,44560,0,0,1,07,0,0,0,0,0,0
1484,44610,0,0,0,07,0,0,0,0,0,0
1485,44640,0,0,1,07,0,0,0,0,0,0
1486,44690,0,0,0,07,0,0,0,0,0,0
1487,44720,0,0,1,07,0,0,0,0,0,0
1488,44770,0,0,0,07,0,0,0,0,0,0
1489,44800,0,0,1,07,0,0,0,0,0,0
1490,44850,0,0,0,07,0,0,0,0,0,0
1491,44880,0,0,1,07,0,0,0,0,0,0
1492,44930,0,0,0,07,0,0,0,0,0,0
1493,44960,0,0,1,07,0,0,0,0,0,0
1494,45010,0,0,0,07,0,0,0,0,0,0
1495,45040,0,0,1,07,0,0,0,0,0,0
1496,45090,0,0,0,07,0,0,0,0,0,0
1497,45120,0,0,1,07,0,0,0,0,0,0
1498,45170,0,0,0,07,0,0,0,0,0,0
1499,45200,0,0,1,07,0,0,0,0,0,0
1500,45250,0,0,0,07,0,0,0,0,0,0
1501,45280,0,0,1,07,0,0,0,0,0,0
1502,45330,0,0,0,07,0,0,0,0,0,0
1503,45360,0,0,1,07,0,0,0,0,0,0
1504,45410,0,0,0,07,0,0,0,0,0,0
1505,45440,0,0,1,07,0,0,0,0,0,0
1506,45490,0,0,0,07,0,0,0,0,0,0
1507,45520,0,0,1,07,0,0,0,0,0,0
1508,45570,0,0,0,07,0,0,0,0,0,0
1509,45600,0,0,1,07,0,0,0,0,0,0
1510,45650,0,0,0,07,0,0,0,0,0,0
1511,45680,0,0,1,07,0,0,0,0,0,0
1512,45730,0,0,0,07,0,0,0,0,0,0
1513,45760,0,0,1,07,0,0,0,0,0,0
1514,45810,0,0,0,07,0,0,0,0,0,0
1515,45840,0,0,1,07,0,0,0,0,0,0
1516,45890,0,0,0,07,0,0,0,0,0,0
1517,45920,0,0,1,07,0,0,0,0,0,0
1518,45970,0,0,0,07,0,0,0,0,0,0
1519,46000,0,0,1,07,0,0,0,0,0,0
1520,46050,0,0,0,07,0,0,0,0,0,0
1521,46080,0,0,1,07,0,0,0,0,0,0
1522,46130,0,0,0,07,0,0,0,0,0,0
1523,46160,0,0,1,07,0,0,0,0,0,0
1524,46210,0,0,0,07,0,0,0,0,0,0
1525,46240,0,0,1,07,0,0,0,0,0,0
1526,46290,0,0,0,07,0,0,0,0,0,0
1527,46320,0,0,1,07,0,0,0,0,0,0
1528,46370,0,0,0,07,0,0,0,0,0,0
1529,46400,0,0,1,07,0,0,0,0,0,0
1530,46450,0,0,0,07,0,0,0,0,0,0
1531,46460,0,1,0,07,0,0,0,0,0,0
1532,46480,0,1,1,07,0,0,0,0,0,0
1533,46530,0,1,0,07,0,0,0,0,0,0
1534,46540,0,0,0,07,0,0,0,0,0,0
1535,46560,0,0,1,07,0,0,0,0,0,0
1536,46610,0,0,0,07,0,0,0,0,0,0
1537,46640,0,0,1,07,0,0,0,0,0,0
1538,46690,0,0,0,07,0,0,0,0,0,0
1539,46720,0,0,1,07,0,0,0,0,0,0
1540,46770,0,0,0,07,0,0,0,0,0,0
1541,46800,0,0,1,07,0,0,0,0,0,0
1542,46850,0,0,0,07,0,0,0,0,0,0
1543,46880,0,0,1,07,0,0,0,0,0,0
1544,46930,0,0,0,07,0,0,0,0,0,0
1545,46960,0,0,1,07,0,0,0,0,0,0
1546,47010,0,0,0,07,0,0,0,0,0,0
1547,47040,0,0,1,07,0,0,0,0,0,0
1548,47090,0,0,0,07,0,0,0,0,0,0
1549,47120,0,0,1,07,0,0,0,0,0,0
1550,47170,0,0,0,07,0,0,0,0,0,0
1551,47200,0,0,1,07,0,0,0,0,0,0
1552,47250,0,0,0,07,0,0,0,0,0,0
1553,47280,0,0,1,07,0,0,0,0,0,0
1554,47330,0,0,0,07,0,0,0,0,0,0
1555,47360,0,0,1,07,0,0,0,0,0,0
1556,47410,0,0,0,07,0,0,0,0,0,0
1557,47440,0,0,1,07,0,0,0,0,0,0
1558,47490,0,0,0,07,0,0,0,0,0,0
1559,47520,0,0,1,07,0,0,0,0,0,0
1560,47570,0,0,0,07,0,0,0,0,0,0
1561,47600,0,0,1,07,0,0,0,0,0,0
1562,47650,0,0,0,07,0,0,0,0,0,0
1563,47680,0,0,1,07,0,0,0,0,0,0
1564,47730,0,0,0,07,0,0,0,0,0,0
1565,47760,0,0,1,07,0,0,0,0,0,0
1566,47810,0,0,0,07,0,0,0,0,0,0
1567,47840,0,0,1,07,0,0,0,0,0,0
1568,47890,0,0,0,07,0,0,0,0,0,0
1569,47920,0,0,1,07,0,0,0,0,0,0
1570,47970,0,0,0,07,0,0,0,0,0,0
1571,48000,0,0,1,07,0,0,0,0,0,0
1572,48050,0,0,0,07,0,0,0,0,0,0
1573,48080,0,0,1,07,0,0,0,0,0,0
1574,48130,0,0,0,07,0,0,0,0,0,0
1575,48160,0,0,1,07,0,0,0,0,0,0
1576,48210,0,0,0,07,0,0,0,0,0,0
1577,48240,0,0,1,07,0,0,0,0,0,0
1578,48290,0,0,0,07,0,0,0,0,0,0
1579,48320,0,0,1,07,0,0,0,0,0,0
1580,48370,0,0,0,07,0,0,0,0,0,0
1581,48400,0,0,1,07,0,0,0,0,0,0
1582,48450,0,0,0,07,0,0,0,0,0,0
1583,48480,0,0,1,07,0,0,0,0,0,0
1584,48530,0,0,0,07,0,0,0,0,0,0
1585,48560,0,0,1,07,0,0,0,0,0,0
1586,48610,0,0,0,07,0,0,0,0,0,0
1587,48640,0,0,1,07,0,0,0,0,0,0
1588,48690,0,0,0,07,0,0,0,0,0,0
1589,48720,0,0,1,07,0,0,0,0,0,0
1590,48770,0,0,0,07,0,0,0,0,0,0
1591,48800,0,0,1,07,0,0,0,0,0,0
1592,48850,0,0,0,07,0,0,0,0,0,0
1593,48880,0,0,1,07,0,0,0,0,0,0
1594,48930,0,0,0,07,0,0,0,0,0,0
1595,48960,0,0,1,07,0,0,0,0,0,0
1596,49010,0,0,0,07,0,0,0,0,0,0
1597,49040,0,0,1,07,0,0,0,0,0,0
1598,49090,0,0,0,07,0,0,0,0,0,0
1599,49120,0,0,1,07,0,0,0,0,0,0
1600,49170,0,0,0,07,0,0,0,0,0,0
1601,49200,0,0,1,07,0,0,0,0,0,0
1602,49250,0,0,0,07,0,0,0,0,0,0
1603,49280,0,0,1,07,0,0,0,0,0,0
1604,49330,0,0,0,07,0,0,0,0,0,0
1605,49360,0,0,1,07,0,0,0,0,0,0
1606,49410,0,0,0,07,0,0,0,0,0,0
1607,49440,0,0,1,07,0,0,0,0,0,0
1608,49490,0,0,0,07,0,0,0,0,0,0
1609,49520,0,0,1,07,0,0,0,0,0,0
1610,49570,0,0,0,07,0,0,0,0,0,0
1611,49600,0,0,1,07,0,0,0,0,0,0
1612,49650,0,0,0,07,0,0,0,0,0,0
1613,49680,0,0,1,07,0,0,0,0,0,0
1614,49730,0,0,0,07,0,0,0,0,0,0
1615,49760,0,0,1,07,0,0,0,0,0,0
1616,49810,0,0,0,07,0,0,0,0,0,0
1617,49840,0,0,1,07,0,0,0,0,0,0
1618,49890,0,0,0,07,0,0,0,0,0,0
1619,49920,0,0,1,07,0,0,0,0,0,0
1620,49970,0,0,0,07,0,0,0,0,0,0
1621,50000,0,0,1,07,0,0,0,0,0,0
1622,50050,0,0,0,07,0,0,0,0,0,0
1623,50080,0,0,1,07,0,0,0,0,0,0
1624,50130,0,0,0,07,0,0,0,0,0,0
1625,50160,0,0,1,00,0,0,0,0,0,0
1626,50210,0,0,0,00,0,0,0,0,0,0
1627,50240,0,0,1,00,0,0,0,0,0,0
1628,50290,0,0,0,00,0,0,0,0,0,0
1629,50320,0,0,1,00,0,0,0,0,0,0
1630,50370,0,0,0,00,0,0,0,0,0,0
1631,50400,0,0,1,00,0,0,0,0,0,0
1632,50450,0,0,0,00,0,0,0,0,0,0
1633,50480,0,0,1,00,0,0,0,0,0,0
1634,50530,0,0,0,00,0,0,0,0,0,0
1635,50560,0,0,1,00,0,0,0,0,0,0
1636,50610,0,0,0,00,0,0,0,0,0,0
1637,50640,0,0,1,00,0,0,0,0,0,0
1638,50690,0,0,0,00,0,0,0,0,0,0
1639,50720,0,0,1,00,0,0,0,0,0,0
1640,50770,0,0,0,00,0,0,0,0,0,0
1641,50780,1,0,0,00,0,0,0,0,0,0
1642,50800,1,0,1,00,0,0,0,0,0,0
1643,50850,1,0,0,00,0,0,0,0,0,0
1644,50880,1,0,1,00,0,0,0,0,0,0
1645,50930,1,0,0,00,0,0,0,0,0,0
1646,50960,1,0,1,00,0,0,0,0,0,0
1647,51010,1,0,0,00,0,0,0,0,0,0
1648,51040,1,0,1,00,0,0,0,0,0,0
1649,51090,1,0,0,00,0,0,0,0,0,0
1650,51110,0,0,0,00,0,0,0,0,0,0
1651,51120,0,0,1,00,0,0,0,0,0,0
1652,51170,0,0,0,00,0,0,0,0,0,0
1653,51200,0,0,1,00,0,0,0,0,0,0
1654,51250,0,0,0,00,0,0,0,0,0,0
1655,51280,0,0,1,00,0,0,0,0,0,0
1656,51330,0,0,0,00,0,0,0,0,0,0
1657,51360,0,0,1,00,0,0,0,0,0,0
1658,51410,0,0,0,00,0,0,0,0,0,0
1659,51440,0,0,1,00,0,0,0,0,0,0
1660,51490,0,0,0,00,0,0,0,0,0,0
1661,51520,0,0,1,00,0,0,0,0,0,0
1662,51570,0,0,0,00,0,0,0,0,0,0
1663,51600,0,0,1,00,0,0,0,0,0,0
1664,51650,0,0,0,00,0,0,0,0,0,0
1665,51680,0,0,1,00,0,0,0,0,0,0
1666,51730,0,0,0,00,0,0,0,0,0,0
1667,51760,0,0,1,00,0,0,0,0,0,0
1668,51810,0,0,0,00,0,0,0,0,0,0
1669,51840,0,0,1,00,0,0,0,0,0,0
1670,51890,0,0,0,00,0,0,0,0,0,0
1671,51920,0,0,1,00,0,0,0,0,0,0
1672,51970,0,0,0,00,0,0,0,0,0,0
1673,52000,0,0,1,00,0,0,0,0,0,0
1674,52050,0,0,0,00,0,0,0,0,0,0
1675,52080,0,0,1,00,0,0,0,0,0,0
1676,52130,0,0,0,00,0,0,0,0,0,0
1677,52160,0,0,1,00,0,0,0,0,0,0
1678,52210,0,0,0,00,0,0,0,0,0,0
1679,52240,0,0,1,00,0,0,0,0,0,0
1680,52290,0,0,0,00,0,0,0,0,0,0
1681,52300,0,1,0,00,0,0,0,0,0,0
1682,52320,0,1,1,00,0,0,0,0,0,0
1683,52370,0,1,0,00,0,0,0,0,0,0
1684,52380,0,0,0,00,0,0,0,0,0,0
1685,52400,0,0,1,00,0,0,0,0,0,0
1686,52450,0,0,0,00,0,0,0,0,0,0
1687,52480,0,0,1,00,0,0,0,0,0,0
1688,52530,0,0,0,00,0,0,0,0,0,0
1689,52560,0,0,1,00,0,0,0,0,0,0
1690,52610,0,0,0,00,0,0,0,0,0,0
1691,52640,0,0,1,00,0,0,0,0,0,0
1692,52690,0,0,0,00,0,0,0,0,0,0
1693,52720,0,0,1,00,0,0,0,0,0,0
1694,52770,0,0,0,00,0,0,0,0,0,0
1695,52800,0,0,1,00,0,0,0,0,0,0
1696,52850,0,0,0,00,0,0,0,0,0,0
1697,52880,0,0,1,00,0,0,0,0,0,0
1698,52930,0,0,0,00,0,0,0,0,0,0
1699,52960,0,0,1,00,0,0,0,0,0,0
1700,53010,0,0,0,00,0,0,0,0,0,0
1701,53040,0,0,1,00,0,0,0,0,0,0
1702,53090,0,0,0,00,0,0,0,0,0,0
1703,53120,0,0,1,00,0,0,0,0,0,0
1704,53170,0,0,0,00,0,0,0,0,0,0
1705,53200,0,0,1,00,0,0,0,0,0,0
1706,53250,0,0,0,00,0,0,0,0,0,0
1707,53280,0,0,1,00,0,0,0,0,0,0
1708,53330,0,0,0,00,0,0,0,0,0,0
1709,53360,0,0,1,00,0,0,0,0,0,0
1710,53410,0,0,0,00,0,0,0,0,0,0
1711,53440,0,0,1,00,0,0,0,0,0,0
1712,53490,0,0,0,00,0,0,0,0,0,0
1713,53520,0,0,1,00,0,0,0,0,0,0
1714,53570,0,0,0,00,0,0,0,0,0,0
1715,53600,0,0,1,00,0,0,0,0,0,0
1716,53650,0,0,0,00,0,0,0,0,0,0
1717,53680,0,0,1,00,0,0,0,0,0,0
1718,53730,0,0,0,00,0,0,0,0,0,0
1719,53760,0,0,1,00,0,0,0,0,0,0
1720,53810,0,0,0,00,0,0,0,0,0,0
1721,53840,0,0,1,00,0,0,0,0,0,0
1722,53890,0,0,0,00,0,0,0,0,0,0
1723,53920,0,0,1,00,0,0,0,0,0,0
1724,53970,0,0,0,00,0,0,0,0,0,0
1725,54000,0,0,1,00,0,0,0,0,0,0
1726,54050,0,0,0,00,0,0,0,0,0,0
1727,54080,0,0,1,00,0,0,0,0,0,0
1728,54130,0,0,0,00,0,0,0,0,0,0
1729,54160,0,0,1,00,0,0,0,0,0,0
1730,54210,0,0,0,00,0,0,0,0,0,0
1731,54240,0,0,1,00,0,0,0,0,0,0
1732,54290,0,0,0,00,0,0,0,0,0,0
1733,54320,0,0,1,00,0,0,0,0,0,0
1734,54370,0,0,0,00,0,0,0,0,0,0
1735,54400,0,0,1,00,0,0,0,0,0,0
1736,54450,0,0,0,00,0,0,0,0,0,0
1737,54480,0,0,1,00,0,0,0,0,0,0
1738,54530,0,0,0,00,0,0,0,0,0,0
1739,54560,0,0,1,00,0,0,0,0,0,0
1740,54610,0,0,0,00,0,0,0,0,0,0
1741,54640,0,0,1,00,0,0,0,0,0,0
1742,54690,0,0,0,00,0,0,0,0,0,0
1743,54720,0,0,1,00,0,0,0,0,0,0
1744,54770,0,0,0,00,0,0,0,0,0,0
1745,54800,0,0,1,00,0,0,0,0,0,0
1746,54850,0,0,0,00,0,0,0,0,0,0
1747,54880,0,0,1,00,0,0,0,0,0,0
1748,54930,0,0,0,00,0,0,0,0,0,0
1749,54960,0,0,1,00,0,0,0,0,0,0
1750,55010,0,0,0,00,0,0,0,0,0,0
1751,55040,0,0,1,00,0,0,0,0,0,0
1752,55090,0,0,0,00,0,0,0,0,0,0
1753,55120,0,0,1,00,0,0,0,0,0,0
1754,55170,0,0,0,00,0,0,0,0,0,0
1755,55200,0,0,1,00,0,0,0,0,0,0
1756,55250,0,0,0,00,0,0,0,0,0,0
1757,55280,0,0,1,00,0,0,0,0,0,0
1758,55330,0,0,0,00,0,0,0,0,0,0
1759,55360,0,0,1,00,0,0,0,0,0,0
1760,55410,0,0,0,00,0,0,0,0,0,0
1761,55440,0,0,1,00,0,0,0,0,0,0
1762,55490,0,0,0,00,0,0,0,0,0,0
1763,55520,0,0,1,00,0,0,0,0,0,0
1764,55570,0,0,0,00,0,0,0,0,0,0
1765,55600,0,0,1,00,0,0,0,0,0,0
1766,55650,0,0,0,00,0,0,0,0,0,0
1767,55680,0,0,1,00,0,0,0,0,0,0
1768,55730,0,0,0,00,0,0,0,0,0,0
1769,55760,0,0,1,00,0,0,0,0,0,0
1770,55810,0,0,0,00,0,0,0,0,0,0
1771,55840,0,0,1,00,0,0,0,0,0,0
1772,55890,0,0,0,00,0,0,0,0,0,0
1773,55920,0,0,1,00,0,0,0,0,0,0
1774,55970,0,0,0,00,0,0,0,0,0,0
1775,56000,0,0,1,00,0,0,0,0,0,0
1776,56050,0,0,0,00,0,0,0,0,0,0
1777,56080,0,0,1,00,0,0,0,0,0,0
1778,56130,0,0,0,00,0,0,0,0,0,0
1779,56160,0,0,1,00,0,0,0,0,0,0
1780,56210,0,0,0,00,0,0,0,0,0,0
1781,56240,0,0,1,00,0,0,0,0,0,0
1782,56290,0,0,0,00,0,0,0,0,0,0
1783,56320,0,0,1,00,0,0,0,0,0,0
1784,56370,0,0,0,00,0,0,0,0,0,0
1785,56400,0,0,1,00,0,0,0,0,0,0
1786,56450,0,0,0,00,0,0,0,0,0,0
1787,56480,0,0,1,00,0,0,0,0,0,0
1788,56530,0,0,0,00,0,0,0,0,0,0
1789,56560,0,0,1,00,0,0,0,0,0,0
1790,56610,0,0,0,00,0,0,0,0,0,0
1791,56640,0,0,1,00,0,0,0,0,0,0
1792,56690,0,0,0,00,0,0,0,0,0,0
1793,56720,0,0,1,00,0,0,0,0,0,0
1794,56770,0,0,0,00,0,0,0,0,0,0
1795,56800,0,0,1,00,0,0,0,0,0,0
1796,56820,0,0,1,01,0,0,0,0,0,0
1797,56850,0,0,0,01,0,0,0,0,0,0
1798,56880,0,0,1,01,0,0,0,0,0,0
1799,56930,0,0,0,01,0,0,0,0,0,0
1800,56960,0,0,1,01,0,0,0,0,0,0
1801,57010,0,0,0,01,0,0,0,0,0,0
1802,57040,0,0,1,01,0,0,0,0,0,0
1803,57090,0,0,0,01,0,0,0,0,0,0
1804,57120,0,0,1,01,0,0,0,0,0,0
1805,57170,0,0,0,01,0,0,0,0,0,0
1806,57200,0,0,1,01,0,0,0,0,0,0
1807,57250,0,0,0,01,0,0,0,0,0,0
1808,57280,0,0,1,01,0,0,0,0,0,0
1809,57330,0,0,0,01,0,0,0,0,0,0
1810,57340,1,0,0,01,0,0,0,0,0,0
1811,57360,1,0,1,01,0,0,0,0,0,0
1812,57410,1,0,0,01,0,0,0,0,0,0
1813,57440,1,0,1,01,0,0,0,0,0,0
1814,57490,1,0,0,01,0,0,0,0,0,0
1815,57520,1,0,1,01,0,0,0,0,0,0
1816,57570,1,0,0,01,0,0,0,0,0,0
1817,57600,1,0,1,01,0,0,0,0,0,0
1818,57650,1,0,0,01,0,0,0,0,0,0
1819,57670,0,0,0,01,0,0,0,0,0,0
1820,57680,0,0,1,01,0,0,0,0,0,0
1821,57730,0,0,0,01,0,0,0,0,0,0
1822,57760,0,0,1,01,0,0,0,0,0,0
1823,57810,0,0,0,01,0,0,0,0,0,0
1824,57840,0,0,1,01,0,0,0,0,0,0
1825,57890,0,0,0,01,0,0,0,0,0,0
1826,57920,0,0,1,01,0,0,0,0,0,0
1827,57970,0,0,0,01,0,0,0,0,0,0
1828,58000,0,0,1,01,0,0,0,0,0,0
1829,58050,0,0,0,01,0,0,0,0,0,0
1830,58080,0,0,1,01,0,0,0,0,0,0
1831,58130,0,0,0,01,0,0,0,0,0,0
1832,58140,0,1,0,01,0,0,0,0,0,0
1833,58160,0,1,1,01,0,0,0,0,0,0
1834,58210,0,1,0,01,0,0,0,0,0,0
1835,58220,0,0,0,01,0,0,0,0,0,0
1836,58240,0,0,1,01,0,0,0,0,0,0
1837,58290,0,0,0,01,0,0,0,0,0,0
1838,58320,0,0,1,01,0,0,0,0,0,0
1839,58370,0,0,0,01,0,0,0,0,0,0
1840,58400,0,0,1,01,0,0,0,0,0,0
1841,58450,0,0,0,01,0,0,0,0,0,0
1842,58480,0,0,1,01,0,0,0,0,0,0
1843,58530,0,0,0,01,0,0,0,0,0,0
1844,58560,0,0,1,01,0,0,0,0,0,0
1845,58610,0,0,0,01,0,0,0,0,0,0
1846,58640,0,0,1,01,0,0,0,0,0,0
1847,58690,0,0,0,01,0,0,0,0,0,0
1848,58720,0,0,1,01,0,0,0,0,0,0
1849,58770,0,0,0,01,0,0,0,0,0,0
1850,58800,0,0,1,01,0,0,0,0,0,0
1851,58850,0,0,0,01,0,0,0,0,0,0
1852,58880,0,0,1,01,0,0,0,0,0,0
1853,58930,0,0,0,01,0,0,0,0,0,0
1854,58960,0,0,1,01,0,0,0,0,0,0
1855,59010,0,0,0,01,0,0,0,0,0,0
1856,59040,0,0,1,01,0,0,0,0,0,0
1857,59090,0,0,0,01,0,0,0,0,0,0
1858,59120,0,0,1,01,0,0,0,0,0,0
1859,59170,0,0,0,01,0,0,0,0,0,0
1860,59200,0,0,1,01,0,0,0,0,0,0
1861,59250,0,0,0,01,0,0,0,0,0,0
1862,59280,0,0,1,01,0,0,0,0,0,0
1863,59330,0,0,0,01,0,0,0,0,0,0
1864,59360,0,0,1,01,0,0,0,0,0,0
1865,59410,0,0,0,01,0,0,0,0,0,0
1866,59440,0,0,1,01,0,0,0,0,0,0
1867,59490,0,0,0,01,0,0,0,0,0,0
1868,59520,0,0,1,01,0,0,0,0,0,0
1869,59570,0,0,0,01,0,0,0,0,0,0
1870,59600,0,0,1,01,0,0,0,0,0,0
1871,59650,0,0,0,01,0,0,0,0,0,0
1872,59680,0,0,1,01,0,0,0,0,0,0
1873,59730,0,0,0,01,0,0,0,0,0,0
1874,59760,0,0,1,01,0,0,0,0,0,0
1875,59810,0,0,0,01,0,0,0,0,0,0
1876,59840,0,0,1,01,0,0,0,0,0,0
1877,59890,0,0,0,01,0,0,0,0,0,0
1878,59920,0,0,1,01,0,0,0,0,0,0
1879,59970,0,0,0,01,0,0,0,0,0,0
1880,60000,0,0,1,01,0,0,0,0,0,0
1881,60050,0,0,0,01,0,0,0,0,0,0
1882,60080,0,0,1,01,0,0,0,0,0,0
1883,60130,0,0,0,01,0,0,0,0,0,0
1884,60160,0,0,1,01,0,0,0,0,0,0
1885,60210,0,0,0,01,0,0,0,0,0,0
1886,60240,0,0,1,01,0,0,0,0,0,0
1887,60290,0,0,0,01,0,0,0,0,0,0
1888,60320,0,0,1,01,0,0,0,0,0,0
1889,60370,0,0,0,01,0,0,0,0,0,0
1890,60400,0,0,1,01,0,0,0,0,0,0
1891,60450,0,0,0,01,0,0,0,0,0,0
1892,60480,0,0,1,01,0,0,0,0,0,0
1893,60530,0,0,0,01,0,0,0,0,0,0
1894,60560,0,0,1,01,0,0,0,0,0,0
1895,60610,0,0,0,01,0,0,0,0,0,0
1896,60640,0,0,1,01,0,0,0,0,0,0
1897,60690,0,0,0,01,0,0,0,0,0,0
1898,60720,0,0,1,01,0,0,0,0,0,0
1899,60770,0,0,0,01,0,0,0,0,0,0
1900,60800,0,0,1,01,0,0,0,0,0,0
1901,60850,0,0,0,01,0,0,0,0,0,0
1902,60880,0,0,1,01,0,0,0,0,0,0
1903,60930,0,0,0,01,0,0,0,0,0,0
1904,60960,0,0,1,01,0,0,0,0,0,0
1905,61010,0,0,0,01,0,0,0,0,0,0
1906,61040,0,0,1,01,0,0,0,0,0,0
1907,61090,0,0,0,01,0,0,0,0,0,0
1908,61120,0,0,1,01,0,0,0,0,0,0
1909,61170,0,0,0,01,0,0,0,0,0,0
1910,61200,0,0,1,01,0,0,0,0,0,0
1911,61250,0,0,0,01,0,0,0,0,0,0
1912,61280,0,0,1,01,0,0,0,0,0,0
1913,61330,0,0,0,01,0,0,0,0,0,0
1914,61360,0,0,1,01,0,0,0,0,0,0
1915,61410,0,0,0,01,0,0,0,0,0,0
1916,61440,0,0,1,01,0,0,0,0,0,0
1917,61490,0,0,0,01,0,0,0,0,0,0
1918,61520,0,0,1,01,0,0,0,0,0,0
1919,61570,0,0,0,01,0,0,0,0,0,0
1920,61600,0,0,1,01,0,0,0,0,0,0
1921,61650,0,0,0,01,0,0,0,0,0,0
1922,61680,0,0,1,01,0,0,0,0,0,0
1923,61730,0,0,0,01,0,0,0,0,0,0
1924,61760,0,0,1,01,0,0,0,0,0,0
1925,61810,0,0,0,01,0,0,0,0,0,0
1926,61840,0,0,1,01,0,0,0,0,0,0
1927,61890,0,0,0,01,0,0,0,0,0,0
1928,61920,0,0,1,01,0,0,0,0,0,0
1929,61970,0,0,0,01,0,0,0,0,0,0
1930,62000,0,0,1,01,0,0,0,0,0,0
1931,62050,0,0,0,01,0,0,0,0,0,0
1932,62080,0,0,1,01,0,0,0,0,0,0
1933,62130,0,0,0,01,0,0,0,0,0,0
1934,62160,0,0,1,01,0,0,0,0,0,0
1935,62210,0,0,0,01,0,0,0,0,0,0
1936,62240,0,0,1,01,0,0,0,0,0,0
1937,62290,0,0,0,01,0,0,0,0,0,0
1938,62320,0,0,1,01,0,0,0,0,0,0
1939,62370,0,0,0,01,0,0,0,0,0,0
1940,62400,0,0,1,01,0,0,0,0,0,0
1941,62450,0,0,0,01,0,0,0,0,0,0
1942,62480,0,0,1,01,0,0,0,0,0,0
1943,62530,0,0,0,01,0,0,0,0,0,0
1944,62560,0,0,1,01,0,0,0,0,0,0
1945,62610,0,0,0,01,0,0,0,0,0,0
1946,62640,0,0,1,01,0,0,0,0,0,0
1947,62690,0,0,0,01,0,0,0,0,0,0
1948,62720,0,0,1,01,0,0,0,0,0,0
1949,62770,0,0,0,01,0,0,0,0,0,0
1950,62800,0,0,1,01,0,0,0,0,0,0
1951,62850,0,0,0,01,0,0,0,0,0,0
1952,62880,0,0,1,01,0,0,0,0,0,0
1953,62930,0,0,0,01,0,0,0,0,0,0
1954,62960,0,0,1,01,0,0,0,0,0,0
1955,63010,0,0,0,01,0,0,0,0,0,0
1956,63040,0,0,1,01,0,0,0,0,0,0
1957,63090,0,0,0,01,0,0,0,0,0,0
1958,63120,0,0,1,01,0,0,0,0,0,0
1959,63170,0,0,0,01,0,0,0,0,0,0
1960,63200,0,0,1,01,0,0,0,0,0,0
1961,63250,0,0,0,01,0,0,0,0,0,0
1962,63280,0,0,1,01,0,0,0,0,0,0
1963,63330,0,0,0,01,0,0,0,0,0,0
1964,63360,0,0,1,03,0,0,0,0,0,0
1965,63370,0,0,1,02,0,0,0,0,0,0
1966,63410,0,0,0,02,0,0,0,0,0,0
1967,63440,0,0,1,02,0,0,0,0,0,0
1968,63490,0,0,0,02,0,0,0,0,0,0
1969,63520,0,0,1,02,0,0,0,0,0,0
1970,63570,0,0,0,02,0,0,0,0,0,0
1971,63600,0,0,1,02,0,0,0,0,0,0
1972,63650,0,0,0,02,0,0,0,0,0,0
1973,63680,0,0,1,02,0,0,0,0,0,0
1974,63730,0,0,0,02,0,0,0,0,0,0
1975,63760,0,0,1,02,0,0,0,0,0,0
1976,63810,0,0,0,02,0,0,0,0,0,0
1977,63840,0,0,1,02,0,0,0,0,0,0
1978,63890,0,0,0,02,0,0,0,0,0,0
1979,63900,1,0,0,02,0,0,0,0,0,0
1980,63920,1,0,1,02,0,0,0,0,0,0
1981,63970,1,0,0,02,0,0,0,0,0,0
1982,63980,1,1,0,02,0,0,0,0,0,0
1983,64000,1,1,1,02,0,0,0,0,0,0
1984,64050,1,1,0,02,0,0,0,0,0,0
1985,64060,1,0,0,02,0,0,0,0,0,0
1986,64080,1,0,1,02,0,0,0,0,0,0
1987,64130,1,0,0,02,0,0,0,0,0,0
1988,64160,1,0,1,02,0,0,0,0,0,0
1989,64210,1,0,0,02,0,0,0,0,0,0
1990,64230,0,0,0,02,0,0,0,0,0,0
1991,64240,0,0,1,02,0,0,0,0,0,0
1992,64290,0,0,0,02,0,0,0,0,0,0
1993,64320,0,0,1,02,0,0,0,0,0,0
1994,64370,0,0,0,02,0,0,0,0,0,0
1995,64400,0,0,1,02,0,0,0,0,0,0
1996,64450,0,0,0,02,0,0,0,0,0,0
1997,64480,0,0,1,02,0,0,0,0,0,0
1998,64530,0,0,0,02,0,0,0,0,0,0
1999,64560,0,0,1,02,0,0,0,0,0,0
2000,64610,0,0,0,02,0,0,0,0,0,0
2001,64640,0,0,1,02,0,0,0,0,0,0
2002,64690,0,0,0,02,0,0,0,0,0,0
2003,64720,0,0,1,02,0,0,0,0,0,0
2004,64770,0,0,0,02,0,0,0,0,0,0
2005,64800,0,0,1,02,0,0,0,0,0,0
2006,64850,0,0,0,02,0,0,0,0,0,0
2007,64880,0,0,1,02,0,0,0,0,0,0
2008,64930,0,0,0,02,0,0,0,0,0,0
2009,64960,0,0,1,02,0,0,0,0,0,0
2010,65010,0,0,0,02,0,0,0,0,0,0
2011,65040,0,0,1,02,0,0,0,0,0,0
2012,65090,0,0,0,02,0,0,0,0,0,0
2013,65120,0,0,1,02,0,0,0,0,0,0
2014,65170,0,0,0,02,0,0,0,0,0,0
2015,65200,0,0,1,02,0,0,0,0,0,0
2016,65250,0,0,0,02,0,0,0,0,0,0
2017,65280,0,0,1,02,0,0,0,0,0,0
2018,65330,0,0,0,02,0,0,0,0,0,0
2019,65360,0,0,1,02,0,0,0,0,0,0
2020,65410,0,0,0,02,0,0,0,0,0,0
2021,65440,0,0,1,02,0,0,0,0,0,0
2022,65490,0,0,0,02,0,0,0,0,0,0
2023,65520,0,0,1,02,0,0,0,0,0,0
2024,65570,0,0,0,02,0,0,0,0,0,0
2025,65600,0,0,1,02,0,0,0,0,0,0
2026,65650,0,0,0,02,0,0,0,0,0,0
2027,65680,0,0,1,02,0,0,0,0,0,0
2028,65730,0,0,0,02,0,0,0,0,0,0
2029,65760,0,0,1,02,0,0,0,0,0,0
2030,65810,0,0,0,02,0,0,0,0,0,0
2031,65840,0,0,1,02,0,0,0,0,0,0
2032,65890,0,0,0,02,0,0,0,0,0,0
2033,65920,0,0,1,02,0,0,0,0,0,0
2034,65970,0,0,0,02,0,0,0,0,0,0
2035,66000,0,0,1,02,0,0,0,0,0,0
2036,66050,0,0,0,02,0,0,0,0,0,0
2037,66080,0,0,1,02,0,0,0,0,0,0
2038,66130,0,0,0,02,0,0,0,0,0,0
2039,66160,0,0,1,02,0,0,0,0,0,0
2040,66210,0,0,0,02,0,0,0,0,0,0
2041,66240,0,0,1,02,0,0,0,0,0,0
2042,66290,0,0,0,02,0,0,0,0,0,0
2043,66320,0,0,1,02,0,0,0,0,0,0
2044,66370,0,0,0,02,0,0,0,0,0,0
2045,66400,0,0,1,02,0,0,0,0,0,0
2046,66450,0,0,0,02,0,0,0,0,0,0
2047,66480,0,0,1,02,0,0,0,0,0,0
2048,66530,0,0,0,02,0,0,0,0,0,0
2049,66560,0,0,1,02,0,0,0,0,0,0
2050,66610,0,0,0,02,0,0,0,0,0,0
2051,66640,0,0,1,02,0,0,0,0,0,0
2052,66690,0,0,0,02,0,0,0,0,0,0
2053,66720,0,0,1,02,0,0,0,0,0,0
2054,66770,0,0,0,02,0,0,0,0,0,0
2055,66800,0,0,1,02,0,0,0,0,0,0
2056,66850,0,0,0,02,0,0,0,0,0,0
2057,66880,0,0,1,02,0,0,0,0,0,0
2058,66930,0,0,0,02,0,0,0,0,0,0
2059,66960,0,0,1,02,0,0,0,0,0,0
2060,67010,0,0,0,02,0,0,0,0,0,0
2061,67040,0,0,1,02,0,0,0,0,0,0
2062,67090,0,0,0,02,0,0,0,0,0,0
2063,67120,0,0,1,02,0,0,0,0,0,0
2064,67170,0,0,0,02,0,0,0,0,0,0
2065,67200,0,0,1,02,0,0,0,0,0,0
2066,67250,0,0,0,02,0,0,0,0,0,0
2067,67280,0,0,1,02,0,0,0,0,0,0
2068,67330,0,0,0,02,0,0,0,0,0,0
2069,67360,0,0,1,02,0,0,0,0,0,0
2070,67410,0,0,0,02,0,0,0,0,0,0
2071,67440,0,0,1,02,0,0,0,0,0,0
2072,67490,0,0,0,02,0,0,0,0,0,0
2073,67520,0,0,1,02,0,0,0,0,0,0
2074,67570,0,0,0,02,0,0,0,0,0,0
2075,67600,0,0,1,02,0,0,0,0,0,0
2076,67650,0,0,0,02,0,0,0,0,0,0
2077,67680,0,0,1,02,0,0,0,0,0,0
2078,67730,0,0,0,02,0,0,0,0,0,0
2079,67760,0,0,1,02,0,0,0,0,0,0
2080,67810,0,0,0,02,0,0,0,0,0,0
2081,67840,0,0,1,02,0,0,0,0,0,0
2082,67890,0,0,0,02,0,0,0,0,0,0
2083,67920,0,0,1,02,0,0,0,0,0,0
2084,67970,0,0,0,02,0,0,0,0,0,0
2085,68000,0,0,1,02,0,0,0,0,0,0
2086,68050,0,0,0,02,0,0,0,0,0,0
2087,68080,0,0,1,02,0,0,0,0,0,0
2088,68130,0,0,0,02,0,0,0,0,0,0
2089,68160,0,0,1,02,0,0,0,0,0,0
2090,68210,0,0,0,02,0,0,0,0,0,0
2091,68240,0,0,1,02,0,0,0,0,0,0
2092,68290,0,0,0,02,0,0,0,0,0,0
2093,68320,0,0,1,02,0,0,0,0,0,0
2094,68370,0,0,0,02,0,0,0,0,0,0
2095,68400,0,0,1,02,0,0,0,0,0,0
2096,68450,0,0,0,02,0,0,0,0,0,0
2097,68480,0,0,1,02,0,0,0,0,0,0
2098,68530,0,0,0,02,0,0,0,0,0,0
2099,68560,0,0,1,02,0,0,0,0,0,0
2100,68610,0,0,0,02,0,0,0,0,0,0
2101,68640,0,0,1,02,0,0,0,0,0,0
2102,68690,0,0,0,02,0,0,0,0,0,0
2103,68720,0,0,1,02,0,0,0,0,0,0
2104,68770,0,0,0,02,0,0,0,0,0,0
2105,68800,0,0,1,02,0,0,0,0,0,0
2106,68850,0,0,0,02,0,0,0,0,0,0
2107,68880,0,0,1,02,0,0,0,0,0,0
2108,68930,0,0,0,02,0,0,0,0,0,0
2109,68960,0,0,1,02,0,0,0,0,0,0
2110,69010,0,0,0,02,0,0,0,0,0,0
2111,69040,0,0,1,02,0,0,0,0,0,0
2112,69090,0,0,0,02,0,0,0,0,0,0
2113,69120,0,0,1,02,0,0,0,0,0,0
2114,69170,0,0,0,02,0,0,0,0,0,0
2115,69200,0,0,1,02,0,0,0,0,0,0
2116,69250,0,0,0,02,0,0,0,0,0,0
2117,69280,0,0,1,02,0,0,0,0,0,0
2118,69330,0,0,0,02,0,0,0,0,0,0
2119,69360,0,0,1,02,0,0,0,0,0,0
2120,69410,0,0,0,02,0,0,0,0,0,0
2121,69440,0,0,1,02,0,0,0,0,0,0
2122,69490,0,0,0,02,0,0,0,0,0,0
2123,69520,0,0,1,02,0,0,0,0,0,0
2124,69570,0,0,0,02,0,0,0,0,0,0
2125,69600,0,0,1,02,0,0,0,0,0,0
2126,69650,0,0,0,02,0,0,0,0,0,0
2127,69680,0,0,1,02,0,0,0,0,0,0
2128,69730,0,0,0,02,0,0,0,0,0,0
2129,69760,0,0,1,02,0,0,0,0,0,0
2130,69810,0,0,0,02,0,0,0,0,0,0
2131,69820,0,1,0,02,0,0,0,0,0,0
2132,69840,0,1,1,02,0,0,0,0,0,0
2133,69890,0,1,0,02,0,0,0,0,0,0
2134,69900,0,0,0,02,0,0,0,0,0,0
2135,69910,0,0,0,03,0,0,0,0,0,0
2136,69920,0,0,1,03,0,0,0,0,0,0
2137,69970,0,0,0,03,0,0,0,0,0,0
2138,70000,0,0,1,03,0,0,0,0,0,0
2139,70050,0,0,0,03,0,0,0,0,0,0
2140,70080,0,0,1,03,0,0,0,0,0,0
2141,70130,0,0,0,03,0,0,0,0,0,0
2142,70160,0,0,1,03,0,0,0,0,0,0
2143,70210,0,0,0,03,0,0,0,0,0,0
2144,70240,0,0,1,03,0,0,0,0,0,0
2145,70290,0,0,0,03,0,0,0,0,0,0
2146,70320,0,0,1,03,0,0,0,0,0,0
2147,70370,0,0,0,03,0,0,0,0,0,0
2148,70380,1,0,0,03,0,0,0,0,0,0
2149,70400,1,0,1,03,0,0,0,0,0,0
2150,70450,1,0,0,03,0,0,0,0,0,0
2151,70480,1,0,1,03,0,0,0,0,0,0
2152,70530,1,0,0,03,0,0,0,0,0,0
2153,70560,1,0,1,03,0,0,0,0,0,0
2154,70610,1,0,0,03,0,0,0,0,0,0
2155,70640,1,0,1,03,0,0,0,0,0,0
2156,70690,1,0,0,03,0,0,0,0,0,0
2157,70710,0,0,0,03,0,0,0,0,0,0
2158,70720,0,0,1,03,0,0,0,0,0,0
2159,70770,0,0,0,03,0,0,0,0,0,0
2160,70800,0,0,1,03,0,0,0,0,0,0
2161,70850,0,0,0,03,0,0,0,0,0,0
2162,70880,0,0,1,03,0,0,0,0,0,0
2163,70930,0,0,0,03,0,0,0,0,0,0
2164,70960,0,0,1,03,0,0,0,0,0,0
2165,71010,0,0,0,03,0,0,0,0,0,0
2166,71040,0,0,1,03,0,0,0,0,0,0
2167,71090,0,0,0,03,0,0,0,0,0,0
2168,71120,0,0,1,03,0,0,0,0,0,0
2169,71170,0,0,0,03,0,0,0,0,0,0
2170,71200,0,0,1,03,0,0,0,0,0,0
2171,71250,0,0,0,03,0,0,0,0,0,0
2172,71280,0,0,1,03,0,0,0,0,0,0
2173,71330,0,0,0,03,0,0,0,0,0,0
2174,71360,0,0,1,03,0,0,0,0,0,0
2175,71410,0,0,0,03,0,0,0,0,0,0
2176,71440,0,0,1,03,0,0,0,0,0,0
2177,71490,0,0,0,03,0,0,0,0,0,0
2178,71520,0,0,1,03,0,0,0,0,0,0
2179,71570,0,0,0,03,0,0,0,0,0,0
2180,71600,0,0,1,03,0,0,0,0,0,0
2181,71650,0,0,0,03,0,0,0,0,0,0
2182,71680,0,0,1,03,0,0,0,0,0,0
2183,71730,0,0,0,03,0,0,0,0,0,0
2184,71760,0,0,1,03,0,0,0,0,0,0
2185,71810,0,0,0,03,0,0,0,0,0,0
2186,71840,0,0,1,03,0,0,0,0,0,0
2187,71890,0,0,0,03,0,0,0,0,0,0
2188,71920,0,0,1,03,0,0,0,0,0,0
2189,71970,0,0,0,03,0,0,0,0,0,0
2190,72000,0,0,1,03,0,0,0,0,0,0
2191,72050,0,0,0,03,0,0,0,0,0,0
2192,72080,0,0,1,03,0,0,0,0,0,0
2193,72130,0,0,0,03,0,0,0,0,0,0
2194,72160,0,0,1,03,0,0,0,0,0,0
2195,72210,0,0,0,03,0,0,0,0,0,0
2196,72240,0,0,1,03,0,0,0,0,0,0
2197,72290,0,0,0,03,0,0,0,0,0,0
2198,72320,0,0,1,03,0,0,0,0,0,0
2199,72370,0,0,0,03,0,0,0,0,0,0
2200,72400,0,0,1,03,0,0,0,0,0,0
2201,72450,0,0,0,03,0,0,0,0,0,0
2202,72480,0,0,1,03,0,0,0,0,0,0
2203,72530,0,0,0,03,0,0,0,0,0,0
2204,72560,0,0,1,03,0,0,0,0,0,0
2205,72610,0,0,0,03,0,0,0,0,0,0
2206,72640,0,0,1,03,0,0,0,0,0,0
2207,72690,0,0,0,03,0,0,0,0,0,0
2208,72720,0,0,1,03,0,0,0,0,0,0
2209,72770,0,0,0,03,0,0,0,0,0,0
2210,72800,0,0,1,03,0,0,0,0,0,0
2211,72850,0,0,0,03,0,0,0,0,0,0
2212,72880,0,0,1,03,0,0,0,0,0,0
2213,72930,0,0,0,03,0,0,0,0,0,0
2214,72960,0,0,1,03,0,0,0,0,0,0
2215,73010,0,0,0,03,0,0,0,0,0,0
2216,73040,0,0,1,03,0,0,0,0,0,0
2217,73090,0,0,0,03,0,0,0,0,0,0
2218,73120,0,0,1,03,0,0,0,0,0,0
2219,73170,0,0,0,03,0,0,0,0,0,0
2220,73200,0,0,1,03,0,0,0,0,0,0
2221,73250,0,0,0,03,0,0,0,0,0,0
2222,73280,0,0,1,03,0,0,0,0,0,0
2223,73330,0,0,0,03,0,0,0,0,0,0
2224,73360,0,0,1,03,0,0,0,0,0,0
2225,73410,0,0,0,03,0,0,0,0,0,0
2226,73440,0,0,1,03,0,0,0,0,0,0
2227,73490,0,0,0,03,0,0,0,0,0,0
2228,73520,0,0,1,03,0,0,0,0,0,0
2229,73570,0,0,0,03,0,0,0,0,0,0
2230,73600,0,0,1,03,0,0,0,0,0,0
2231,73650,0,0,0,03,0,0,0,0,0,0
2232,73680,0,0,1,03,0,0,0,0,0,0
2233,73730,0,0,0,03,0,0,0,0,0,0
2234,73760,0,0,1,03,0,0,0,0,0,0
2235,73810,0,0,0,03,0,0,0,0,0,0
2236,73840,0,0,1,03,0,0,0,0,0,0
2237,73890,0,0,0,03,0,0,0,0,0,0
2238,73920,0,0,1,03,0,0,0,0,0,0
2239,73970,0,0,0,03,0,0,0,0,0,0
2240,74000,0,0,1,03,0,0,0,0,0,0
2241,74050,0,0,0,03,0,0,0,0,0,0
2242,74080,0,0,1,03,0,0,0,0,0,0
2243,74130,0,0,0,03,0,0,0,0,0,0
2244,74160,0,0,1,03,0,0,0,0,0,0
2245,74210,0,0,0,03,0,0,0,0,0,0
2246,74240,0,0,1,03,0,0,0,0,0,0
2247,74290,0,0,0,03,0,0,0,0,0,0
2248,74320,0,0,1,03,0,0,0,0,0,0
2249,74370,0,0,0,03,0,0,0,0,0,0
2250,74400,0,0,1,03,0,0,0,0,0,0
2251,74450,0,0,0,03,0,0,0,0,0,0
2252,74480,0,0,1,03,0,0,0,0,0,0
2253,74530,0,0,0,03,0,0,0,0,0,0
2254,74560,0,0,1,03,0,0,0,0,0,0
2255,74610,0,0,0,03,0,0,0,0,0,0
2256,74640,0,0,1,03,0,0,0,0,0,0
2257,74690,0,0,0,03,0,0,0,0,0,0
2258,74720,0,0,1,03,0,0,0,0,0,0
2259,74770,0,0,0,03,0,0,0,0,0,0
2260,74800,0,0,1,03,0,0,0,0,0,0
2261,74850,0,0,0,03,0,0,0,0,0,0
2262,74880,0,0,1,03,0,0,0,0,0,0
2263,74930,0,0,0,03,0,0,0,0,0,0
2264,74960,0,0,1,03,0,0,0,0,0,0
2265,75010,0,0,0,03,0,0,0,0,0,0
2266,75040,0,0,1,03,0,0,0,0,0,0
2267,75090,0,0,0,03,0,0,0,0,0,0
2268,75120,0,0,1,03,0,0,0,0,0,0
2269,75170,0,0,0,03,0,0,0,0,0,0
2270,75200,0,0,1,03,0,0,0,0,0,0
2271,75250,0,0,0,03,0,0,0,0,0,0
2272,75280,0,0,1,03,0,0,0,0,0,0
2273,75330,0,0,0,03,0,0,0,0,0,0
2274,75360,0,0,1,03,0,0,0,0,0,0
2275,75410,0,0,0,03,0,0,0,0,0,0
2276,75440,0,0,1,03,0,0,0,0,0,0
2277,75490,0,0,0,03,0,0,0,0,0,0
2278,75520,0,0,1,03,0,0,0,0,0,0
2279,75570,0,0,0,03,0,0,0,0,0,0
2280,75600,0,0,1,03,0,0,0,0,0,0
2281,75650,0,0,0,03,0,0,0,0,0,0
2282,75660,0,1,0,03,0,0,0,0,0,0
2283,75680,0,1,1,03,0,0,0,0,0,0
2284,75730,0,1,0,03,0,0,0,0,0,0
2285,75740,0,0,0,03,0,0,0,0,0,0
2286,75760,0,0,1,03,0,0,0,0,0,0
2287,75810,0,0,0,03,0,0,0,0,0,0
2288,75840,0,0,1,03,0,0,0,0,0,0
2289,75890,0,0,0,03,0,0,0,0,0,0
2290,75920,0,0,1,03,0,0,0,0,0,0
2291,75970,0,0,0,03,0,0,0,0,0,0
2292,76000,0,0,1,03,0,0,0,0,0,0
2293,76050,0,0,0,03,0,0,0,0,0,0
2294,76080,0,0,1,03,0,0,0,0,0,0
2295,76130,0,0,0,03,0,0,0,0,0,0
2296,76160,0,0,1,03,0,0,0,0,0,0
2297,76210,0,0,0,03,0,0,0,0,0,0
2298,76240,0,0,1,03,0,0,0,0,0,0
2299,76290,0,0,0,03,0,0,0,0,0,0
2300,76320,0,0,1,03,0,0,0,0,0,0
2301,76370,0,0,0,03,0,0,0,0,0,0
2302,76400,0,0,1,03,0,0,0,0,0,0
2303,76450,0,0,0,04,0,0,0,0,0,0
2304,76480,0,0,1,04,0,0,0,0,0,0
2305,76530,0,0,0,04,0,0,0,0,0,0
2306,76560,0,0,1,04,0,0,0,0,0,0
2307,76610,0,0,0,04,0,0,0,0,0,0
2308,76640,0,0,1,04,0,0,0,0,0,0
2309,76690,0,0,0,04,0,0,0,0,0,0
2310,76720,0,0,1,04,0,0,0,0,0,0
2311,76770,0,0,0,04,0,0,0,0,0,0
2312,76800,0,0,1,04,0,0,0,0,0,0
2313,76850,0,0,0,04,0,0,0,0,0,0
2314,76880,0,0,1,04,0,0,0,0,0,0
2315,76930,0,0,0,04,0,0,0,0,0,0
2316,76940,1,0,0,04,0,0,0,0,0,0
2317,76960,1,0,1,04,0,0,0,0,0,0
2318,77010,1,0,0,04,0,0,0,0,0,0
2319,77040,1,0,1,04,0,0,0,0,0,0
2320,77090,1,0,0,04,0,0,0,0,0,0
2321,77120,1,0,1,04,0,0,0,0,0,0
2322,77170,1,0,0,04,0,0,0,0,0,0
2323,77200,1,0,1,04,0,0,0,0,0,0
2324,77250,1,0,0,04,0,0,0,0,0,0
2325,77270,0,0,0,04,0,0,0,0,0,0
2326,77280,0,0,1,04,0,0,0,0,0,0
2327,77330,0,0,0,04,0,0,0,0,0,0
2328,77360,0,0,1,04,0,0,0,0,0,0
2329,77410,0,0,0,04,0,0,0,0,0,0
2330,77440,0,0,1,04,0,0,0,0,0,0
2331,77490,0,0,0,04,0,0,0,0,0,0
2332,77520,0,0,1,04,0,0,0,0,0,0
2333,77570,0,0,0,04,0,0,0,0,0,0
2334,77600,0,0,1,04,0,0,0,0,0,0
2335,77650,0,0,0,04,0,0,0,0,0,0
2336,77680,0,0,1,04,0,0,0,0,0,0
2337,77730,0,0,0,04,0,0,0,0,0,0
2338,77760,0,0,1,04,0,0,0,0,0,0
2339,77810,0,0,0,04,0,0,0,0,0,0
2340,77840,0,0,1,04,0,0,0,0,0,0
2341,77890,0,0,0,04,0,0,0,0,0,0
2342,77920,0,0,1,04,0,0,0,0,0,0
2343,77970,0,0,0,04,0,0,0,0,0,0
2344,78000,0,0,1,04,0,0,0,0,0,0
2345,78050,0,0,0,04,0,0,0,0,0,0
2346,78080,0,0,1,04,0,0,0,0,0,0
2347,78130,0,0,0,04,0,0,0,0,0,0
2348,78160,0,0,1,04,0,0,0,0,0,0
2349,78210,0,0,0,04,0,0,0,0,0,0
2350,78240,0,0,1,04,0,0,0,0,0,0
2351,78290,0,0,0,04,0,0,0,0,0,0
2352,78320,0,0,1,04,0,0,0,0,0,0
2353,78370,0,0,0,04,0,0,0,0,0,0
2354,78400,0,0,1,04,0,0,0,0,0,0
2355,78450,0,0,0,04,0,0,0,0,0,0
2356,78480,0,0,1,04,0,0,0,0,0,0
2357,78530,0,0,0,04,0,0,0,0,0,0
2358,78560,0,0,1,04,0,0,0,0,0,0
2359,78610,0,0,0,04,0,0,0,0,0,0
2360,78640,0,0,1,04,0,0,0,0,0,0
2361,78690,0,0,0,04,0,0,0,0,0,0
2362,78720,0,0,1,04,0,0,0,0,0,0
2363,78770,0,0,0,04,0,0,0,0,0,0
2364,78800,0,0,1,04,0,0,0,0,0,0
2365,78850,0,0,0,04,0,0,0,0,0,0
2366,78880,0,0,1,04,0,0,0,0,0,0
2367,78930,0,0,0,04,0,0,0,0,0,0
2368,78960,0,0,1,04,0,0,0,0,0,0
2369,79010,0,0,0,04,0,0,0,0,0,0
2370,79020,0,0,0,04,0,0,0,1,0,0
2371,79030,0,0,0,04,0,0,0,1,1,0
2372,79040,0,0,1,04,0,0,0,1,1,1
2373,79090,0,0,0,04,0,0,0,1,1,1
2374,79110,0,0,0,04,0,0,0,0,1,1
2375,79120,0,0,1,04,0,0,0,0,0,0
2376,79170,0,0,0,04,0,0,0,0,0,0
2377,79200,0,0,1,04,0,0,0,0,0,0
2378,79250,0,0,0,04,0,0,0,0,0,0
2379,79260,0,0,0,04,0,0,0,1,0,0
2380,79270,0,0,0,04,0,0,0,1,1,0
2381,79280,0,0,1,04,0,0,0,1,1,1
2382,79330,0,0,0,04,0,0,0,1,1,1
2383,79360,0,0,1,04,0,0,0,1,1,1
2384,79410,0,0,0,04,0,0,0,1,1,1
2385,79440,0,0,1,04,0,0,0,1,1,1
2386,79490,0,0,0,04,0,0,0,1,1,1
2387,79510,0,0,0,04,0,0,0,0,1,1
2388,79520,0,0,1,04,0,0,0,0,0,0
2389,79570,0,0,0,04,0,0,0,0,0,0
2390,79580,0,0,0,04,0,0,0,1,0,0
2391,79590,0,0,0,04,0,0,0,1,1,0
2392,79600,0,0,1,04,0,0,0,1,1,1
2393,79650,0,0,0,04,0,0,0,1,1,1
2394,79670,0,0,0,04,0,0,0,0,1,1
2395,79680,0,0,1,04,0,0,0,0,0,0
2396,79730,0,0,0,04,0,0,0,0,0,0
2397,79740,0,0,0,04,0,0,0,1,0,0
2398,79750,0,0,0,04,0,0,0,1,1,0
2399,79760,0,0,1,04,0,0,0,1,1,1
2400,79810,0,0,0,04,0,0,0,1,1,1
2401,79840,0,0,1,04,0,0,0,1,1,1
2402,79890,0,0,0,04,0,0,0,1,1,1
2403,79920,0,0,1,04,0,0,0,1,1,1
2404,79970,0,0,0,04,0,0,0,1,1,1
2405,80000,0,0,1,04,0,0,0,1,1,1
2406,80050,0,0,0,04,0,0,0,1,1,1
2407,80080,0,0,1,04,0,0,0,1,1,1
2408,80130,0,0,0,04,0,0,0,1,1,1
2409,80160,0,0,1,04,0,0,0,1,1,1
2410,80210,0,0,0,04,0,0,0,1,1,1
2411,80240,0,0,1,04,0,0,0,1,1,1
2412,80290,0,0,0,04,0,0,0,1,1,1
2413,80310,0,0,0,04,0,0,0,0,1,1
2414,80320,0,0,1,04,0,0,0,0,0,0
2415,80370,0,0,0,04,0,0,0,0,0,0
2416,80400,0,0,1,04,0,0,0,0,0,0
2417,80450,0,0,0,04,0,0,0,0,0,0
2418,80480,0,0,1,04,0,0,0,0,0,0
2419,80530,0,0,0,04,0,0,0,0,0,0
2420,80560,0,0,1,04,0,0,0,0,0,0
2421,80610,0,0,0,04,0,0,0,0,0,0
2422,80640,0,0,1,04,0,0,0,0,0,0
2423,80690,0,0,0,04,0,0,0,0,0,0
2424,80720,0,0,1,04,0,0,0,0,0,0
2425,80770,0,0,0,04,0,0,0,0,0,0
2426,80800,0,0,1,04,0,0,0,0,0,0
2427,80850,0,0,0,04,0,0,0,0,0,0
2428,80880,0,0,1,04,0,0,0,0,0,0
2429,80930,0,0,0,04,0,0,0,0,0,0
2430,80960,0,0,1,04,0,0,0,0,0,0
2431,81010,0,0,0,04,0,0,0,0,0,0
2432,81040,0,0,1,04,0,0,0,0,0,0
2433,81090,0,0,0,04,0,0,0,0,0,0
2434,81120,0,0,1,04,0,0,0,0,0,0
2435,81170,0,0,0,04,0,0,0,0,0,0
2436,81200,0,0,1,04,0,0,0,0,0,0
2437,81250,0,0,0,04,0,0,0,0,0,0
2438,81280,0,0,1,04,0,0,0,0,0,0
2439,81330,0,0,0,04,0,0,0,0,0,0
2440,81360,0,0,1,04,0,0,0,0,0,0
2441,81410,0,0,0,04,0,0,0,0,0,0
2442,81440,0,0,1,04,0,0,0,0,0,0
2443,81490,0,0,0,04,0,0,0,0,0,0
2444,81500,0,1,0,04,0,0,0,0,0,0
2445,81520,0,1,1,04,0,0,0,0,0,0
2446,81570,0,1,0,04,0,0,0,0,0,0
2447,81580,0,0,0,04,0,0,0,0,0,0
2448,81600,0,0,1,04,0,0,0,0,0,0
2449,81650,0,0,0,04,0,0,0,0,0,0
2450,81680,0,0,1,04,0,0,0,0,0,0
2451,81730,0,0,0,04,0,0,0,0,0,0
2452,81760,0,0,1,04,0,0,0,0,0,0
2453,81810,0,0,0,04,0,0,0,0,0,0
2454,81840,0,0,1,04,0,0,0,0,0,0
2455,81890,0,0,0,04,0,0,0,0,0,0
2456,81920,0,0,1,04,0,0,0,0,0,0
2457,81970,0,0,0,04,0,0,0,0,0,0
2458,82000,0,0,1,04,0,0,0,0,0,0
2459,82050,0,0,0,04,0,0,0,0,0,0
2460,82080,0,0,1,04,0,0,0,0,0,0
2461,82130,0,0,0,04,0,0,0,0,0,0
2462,82160,0,0,1,04,0,0,0,0,0,0
2463,82210,0,0,0,04,0,0,0,0,0,0
2464,82240,0,0,1,04,0,0,0,0,0,0
2465,82290,0,0,0,04,0,0,0,0,0,0
2466,82320,0,0,1,04,0,0,0,0,0,0
2467,82370,0,0,0,04,0,0,0,0,0,0
2468,82400,0,0,1,04,0,0,0,0,0,0
2469,82450,0,0,0,04,0,0,0,0,0,0
2470,82480,0,0,1,04,0,0,0,0,0,0
2471,82530,0,0,0,04,0,0,0,0,0,0
2472,82560,0,0,1,04,0,0,0,0,0,0
2473,82610,0,0,0,04,0,0,0,0,0,0
2474,82640,0,0,1,04,0,0,0,0,0,0
2475,82690,0,0,0,04,0,0,0,0,0,0
2476,82720,0,0,1,04,0,0,0,0,0,0
2477,82770,0,0,0,04,0,0,0,0,0,0
2478,82800,0,0,1,04,0,0,0,0,0,0
2479,82850,0,0,0,04,0,0,0,0,0,0
2480,82880,0,0,1,04,0,0,0,0,0,0
2481,82930,0,0,0,04,0,0,0,0,0,0
2482,82960,0,0,1,04,0,0,0,0,0,0
2483,82990,0,0,1,05,0,0,0,0,0,0
2484,83010,0,0,0,05,0,0,0,0,0,0
2485,83040,0,0,1,05,0,0,0,0,0,0
2486,83090,0,0,0,05,0,0,0,0,0,0
2487,83120,0,0,1,05,0,0,0,0,0,0
2488,83170,0,0,0,05,0,0,0,0,0,0
2489,83200,0,0,1,05,0,0,0,0,0,0
2490,83250,0,0,0,05,0,0,0,0,0,0
2491,83280,0,0,1,05,0,0,0,0,0,0
2492,83330,0,0,0,05,0,0,0,0,0,0
2493,83360,0,0,1,05,0,0,0,0,0,0
2494,83410,0,0,0,05,0,0,0,0,0,0
2495,83440,0,0,1,05,0,0,0,0,0,0
2496,83490,0,0,0,05,0,0,0,0,0,0
2497,83510,1,0,0,05,0,0,0,0,0,0
2498,83520,1,0,1,05,0,0,0,0,0,0
2499,83570,1,0,0,05,0,0,0,0,0,0
2500,83600,1,0,1,05,0,0,0,0,0,0
2501,83650,1,0,0,05,0,0,0,0,0,0
2502,83680,1,0,1,05,0,0,0,0,0,0
2503,83730,1,0,0,05,0,0,0,0,0,0
2504,83760,1,0,1,05,0,0,0,0,0,0
2505,83810,1,0,0,05,0,0,0,0,0,0
2506,83830,0,0,0,05,0,0,0,0,0,0
2507,83840,0,0,1,05,0,0,0,0,0,0
2508,83890,0,0,0,05,0,0,0,0,0,0
2509,83920,0,0,1,05,0,0,0,0,0,0
2510,83970,0,0,0,05,0,0,0,0,0,0
2511,84000,0,0,1,05,0,0,0,0,0,0
2512,84050,0,0,0,05,0,0,0,0,0,0
2513,84080,0,0,1,05,0,0,0,0,0,0
2514,84130,0,0,0,05,0,0,0,0,0,0
2515,84160,0,0,1,05,0,0,0,0,0,0
2516,84210,0,0,0,05,0,0,0,0,0,0
2517,84240,0,0,1,05,0,0,0,0,0,0
2518,84290,0,0,0,05,0,0,0,0,0,0
2519,84320,0,0,1,05,0,0,0,0,0,0
2520,84370,0,0,0,05,0,0,0,0,0,0
2521,84400,0,0,1,05,0,0,0,0,0,0
2522,84450,0,0,0,05,0,0,0,0,0,0
2523,84480,0,0,1,05,0,0,0,0,0,0
2524,84530,0,0,0,05,0,0,0,0,0,0
2525,84560,0,0,1,05,0,0,0,0,0,0
2526,84610,0,0,0,05,0,0,0,0,0,0
2527,84640,0,0,1,05,0,0,0,0,0,0
2528,84690,0,0,0,05,0,0,0,0,0,0
2529,84720,0,0,1,05,0,0,0,0,0,0
2530,84770,0,0,0,05,0,0,0,0,0,0
2531,84800,0,0,1,05,0,0,0,0,0,0
2532,84850,0,0,0,05,0,0,0,0,0,0
2533,84880,0,0,1,05,0,0,0,0,0,0
2534,84930,0,0,0,05,0,0,0,0,0,0
2535,84960,0,0,1,05,0,0,0,0,0,0
2536,85010,0,0,0,05,0,0,0,0,0,0
2537,85040,0,0,1,05,0,0,0,0,0,0
2538,85090,0,0,0,05,0,0,0,0,0,0
2539,85120,0,0,1,05,0,0,0,0,0,0
2540,85170,0,0,0,05,0,0,0,0,0,0
2541,85200,0,0,1,05,0,0,0,0,0,0
2542,85250,0,0,0,05,0,0,0,0,0,0
2543,85280,0,0,1,05,0,0,0,0,0,0
2544,85330,0,0,0,05,0,0,0,0,0,0
2545,85360,0,0,1,05,0,0,0,0,0,0
2546,85410,0,0,0,05,0,0,0,0,0,0
2547,85440,0,0,1,05,0,0,0,0,0,0
2548,85490,0,0,0,05,0,0,0,0,0,0
2549,85520,0,0,1,05,0,0,0,0,0,0
2550,85570,0,0,0,05,0,0,0,0,0,0
2551,85600,0,0,1,05,0,0,0,0,0,0
2552,85650,0,0,0,05,0,0,0,0,0,0
2553,85680,0,0,1,05,0,0,0,0,0,0
2554,85730,0,0,0,05,0,0,0,0,0,0
2555,85760,0,0,1,05,0,0,0,0,0,0
2556,85810,0,0,0,05,0,0,0,0,0,0
2557,85840,0,0,1,05,0,0,0,0,0,0
2558,85890,0,0,0,05,0,0,0,0,0,0
2559,85920,0,0,1,05,0,0,0,0,0,0
2560,85970,0,0,0,05,0,0,0,0,0,0
2561,86000,0,0,1,05,0,0,0,0,0,0
2562,86050,0,0,0,05,0,0,0,0,0,0
2563,86080,0,0,1,05,0,0,0,0,0,0
2564,86130,0,0,0,05,0,0,0,0,0,0
2565,86160,0,0,1,05,0,0,0,0,0,0
2566,86210,0,0,0,05,0,0,0,0,0,0
2567,86240,0,0,1,05,0,0,0,0,0,0
2568,86290,0,0,0,05,0,0,0,0,0,0
2569,86320,0,0,1,05,0,0,0,0,0,0
2570,86370,0,0,0,05,0,0,0,0,0,0
2571,86400,0,0,1,05,0,0,0,0,0,0
2572,86450,0,0,0,05,0,0,0,0,0,0
2573,86480,0,0,1,05,0,0,0,0,0,0
2574,86530,0,0,0,05,0,0,0,0,0,0
2575,86560,0,0,1,05,0,0,0,0,0,0
2576,86610,0,0,0,05,0,0,0,0,0,0
2577,86640,0,0,1,05,0,0,0,0,0,0
2578,86690,0,0,0,05,0,0,0,0,0,0
2579,86720,0,0,1,05,0,0,0,0,0,0
2580,86770,0,0,0,05,0,0,0,0,0,0
2581,86800,0,0,1,05,0,0,0,0,0,0
2582,86850,0,0,0,05,0,0,0,0,0,0
2583,86880,0,0,1,05,0,0,0,0,0,0
2584,86930,0,0,0,05,0,0,0,0,0,0
2585,86960,0,0,1,05,0,0,0,0,0,0
2586,87010,0,0,0,05,0,0,0,0,0,0
2587,87040,0,0,1,05,0,0,0,0,0,0
2588,87090,0,0,0,05,0,0,0,0,0,0
2589,87120,0,0,1,05,0,0,0,0,0,0
2590,87170,0,0,0,05,0,0,0,0,0,0
2591,87200,0,0,1,05,0,0,0,0,0,0
2592,87250,0,0,0,05,0,0,0,0,0,0
2593,87280,0,0,1,05,0,0,0,0,0,0
2594,87330,0,0,0,05,0,0,0,0,0,0
2595,87340,0,1,0,05,0,0,0,0,0,0
2596,87360,0,1,1,05,0,0,0,0,0,0
2597,87410,0,1,0,05,0,0,0,0,0,0
2598,87420,0,0,0,05,0,0,0,0,0,0
2599,87440,0,0,1,05,0,0,0,0,0,0
2600,87490,0,0,0,05,0,0,0,0,0,0
2601,87520,0,0,1,05,0,0,0,0,0,0
2602,87570,0,0,0,05,0,0,0,0,0,0
2603,87600,0,0,1,05,0,0,0,0,0,0
2604,87650,0,0,0,05,0,0,0,0,0,0
2605,87680,0,0,1,05,0,0,0,0,0,0
2606,87730,0,0,0,05,0,0,0,0,0,0
2607,87760,0,0,1,05,0,0,0,0,0,0
2608,87810,0,0,0,05,0,0,0,0,0,0
2609,87840,0,0,1,05,0,0,0,0,0,0
2610,87890,0,0,0,05,0,0,0,0,0,0
2611,87920,0,0,1,05,0,0,0,0,0,0
2612,87970,0,0,0,05,0,0,0,0,0,0
2613,88000,0,0,1,05,0,0,0,0,0,0
2614,88050,0,0,0,05,0,0,0,0,0,0
2615,88080,0,0,1,05,0,0,0,0,0,0
2616,88130,0,0,0,05,0,0,0,0,0,0
2617,88160,0,0,1,05,0,0,0,0,0,0
2618,88210,0,0,0,05,0,0,0,0,0,0
2619,88240,0,0,1,05,0,0,0,0,0,0
2620,88290,0,0,0,05,0,0,0,0,0,0
2621,88320,0,0,1,05,0,0,0,0,0,0
2622,88370,0,0,0,05,0,0,0,0,0,0
2623,88400,0,0,1,05,0,0,0,0,0,0
2624,88450,0,0,0,05,0,0,0,0,0,0
2625,88480,0,0,1,05,0,0,0,0,0,0
2626,88530,0,0,0,05,0,0,0,0,0,0
2627,88560,0,0,1,05,0,0,0,0,0,0
2628,88610,0,0,0,05,0,0,0,0,0,0
2629,88640,0,0,1,05,0,0,0,0,0,0
2630,88690,0,0,0,05,0,0,0,0,0,0
2631,88720,0,0,1,05,0,0,0,0,0,0
2632,88770,0,0,0,05,0,0,0,0,0,0
2633,88800,0,0,1,05,0,0,0,0,0,0
2634,88850,0,0,0,05,0,0,0,0,0,0
2635,88880,0,0,1,05,0,0,0,0,0,0
2636,88930,0,0,0,05,0,0,0,0,0,0
2637,88960,0,0,1,05,0,0,0,0,0,0
2638,89010,0,0,0,05,0,0,0,0,0,0
2639,89040,0,0,1,05,0,0,0,0,0,0
2640,89090,0,0,0,05,0,0,0,0,0,0
2641,89120,0,0,1,05,0,0,0,0,0,0
2642,89170,0,0,0,05,0,0,0,0,0,0
2643,89200,0,0,1,05,0,0,0,0,0,0
2644,89250,0,0,0,05,0,0,0,0,0,0
2645,89280,0,0,1,05,0,0,0,0,0,0
2646,89330,0,0,0,05,0,0,0,0,0,0
2647,89360,0,0,1,05,0,0,0,0,0,0
2648,89410,0,0,0,05,0,0,0,0,0,0
2649,89440,0,0,1,05,0,0,0,0,0,0
2650,89490,0,0,0,05,0,0,0,0,0,0
2651,89520,0,0,1,05,0,0,0,0,0,0
2652,89540,0,0,1,06,0,0,0,0,0,0
